Date,Mid Point
1998-07-01,871.5
1998-07-02,870.5
1998-07-03,873
1998-07-06,877
1998-07-08,876.5
1998-07-09,850
1998-07-10,805
1998-07-13,776
1998-07-14,770.5
1998-07-15,777.5
1998-07-16,818.5
1998-07-17,865.5
1998-07-20,883.5
1998-07-21,875
1998-07-22,881
1998-07-23,908.5
1998-07-24,940
1998-07-27,994
1998-07-28,1012.5
1998-07-29,989.5
1998-07-30,955.5
1998-07-31,924
1998-08-03,892.5
1998-08-04,874.5
1998-08-05,895.5
1998-08-06,914
1998-08-07,947
1998-08-10,977
1998-08-11,968
1998-08-12,966
1998-08-13,971
1998-08-17,948
1998-08-18,943
1998-08-19,963.5
1998-08-20,979
1998-08-21,971
1998-08-24,977.5
1998-08-25,990
1998-08-26,992.5
1998-08-27,995.5
1998-08-28,983.5
1998-08-31,975.5
1998-09-01,974
1998-09-02,978.5
1998-09-03,978.5
1998-09-04,971.5
1998-09-07,976.5
1998-09-08,996.5
1998-09-09,1020.5
1998-09-10,1040
1998-09-11,1057.5
1998-09-14,1083
1998-09-15,1084.5
1998-09-16,1081.5
1998-09-17,1080
1998-09-18,1063.5
1998-09-21,1060.5
1998-09-22,1074
1998-09-23,1089.5
1998-09-24,1084.5
1998-09-25,1079.5
1998-09-28,1082.5
1998-09-29,1096.5
1998-09-30,1112
1998-10-01,1108
1998-10-02,1103.5
1998-10-05,1092.5
1998-10-06,1068.5
1998-10-07,1025
1998-10-08,979
1998-10-09,952
1998-10-12,897.5
1998-10-13,857.5
1998-10-14,873.5
1998-10-15,902.5
1998-10-16,880.5
1998-10-19,833.5
1998-10-20,818.5
1998-10-21,804.5
1998-10-22,803.5
1998-10-23,809.5
1998-10-26,824
1998-10-27,842
1998-10-28,831
1998-10-29,823
1998-10-30,836
1998-11-02,849.5
1998-11-03,855
1998-11-04,854
1998-11-05,856.5
1998-11-06,858
1998-11-10,903
1998-11-11,955
1998-11-12,965
1998-11-13,955
1998-11-16,942.5
1998-11-17,960.5
1998-11-18,969.5
1998-11-19,963.5
1998-11-20,977.5
1998-11-23,1014
1998-11-24,1025
1998-11-25,1012.5
1998-11-26,1029.5
1998-11-27,1040
1998-11-30,1043
1998-12-01,1056
1998-12-02,1066.5
1998-12-03,1057
1998-12-04,1010.5
1998-12-07,971.5
1998-12-08,958.5
1998-12-09,941.5
1998-12-10,939.5
1998-12-11,944
1998-12-14,950.5
1998-12-15,964
1998-12-16,951
1998-12-17,932.5
1998-12-18,934.5
1998-12-21,942
1998-12-22,947
1998-12-23,951.5
1998-12-24,952.5
1998-12-26,957
1998-12-28,959.5
1998-12-29,952.5
1998-12-30,949.5
1998-12-31,948
1999-01-02,948.5
1999-01-04,948
1999-01-05,935
1999-01-06,919
1999-01-07,906
1999-01-09,916
1999-01-11,933
1999-01-12,928.5
1999-01-13,922
1999-01-14,922.5
1999-01-18,928.5
1999-01-22,932
1999-01-25,931.5
1999-01-26,928
1999-01-27,923
1999-01-28,919.5
1999-01-29,909
1999-02-01,904.5
1999-02-02,895
1999-02-03,887
1999-02-04,880
1999-02-08,860
1999-02-09,863.5
1999-02-10,874.5
1999-02-11,868
1999-02-12,868.5
1999-02-15,893
1999-02-16,913
1999-02-17,915.5
1999-02-18,913.5
1999-02-19,912.5
1999-02-22,916.5
1999-02-23,925
1999-02-24,934.5
1999-02-25,932
1999-02-26,926
1999-03-01,929
1999-03-02,944
1999-03-03,953
1999-03-04,960.5
1999-03-05,977.5
1999-03-08,1001.5
1999-03-09,1028
1999-03-10,1058.5
1999-03-11,1070
1999-03-12,1056
1999-03-15,1060.5
1999-03-16,1062.5
1999-03-17,1058.5
1999-03-18,1058
1999-03-19,1053
1999-03-22,1060.5
1999-03-24,1074.5
1999-03-25,1064.5
1999-03-26,1053.5
1999-04-01,1058
1999-04-02,1055.5
1999-04-05,1047
1999-04-06,1039
1999-04-07,1042.5
1999-04-08,1042
1999-04-09,1028.5
1999-04-12,1007.5
1999-04-13,997.5
1999-04-14,1005
1999-04-15,1007.5
1999-04-16,1004
1999-04-19,1012
1999-04-20,1036.5
1999-04-21,1041.5
1999-04-22,1038
1999-04-23,1057.5
1999-04-28,1082
1999-04-29,1094
1999-04-30,1101.5
1999-05-03,1113
1999-05-04,1119.5
1999-05-05,1124
1999-05-06,1129.5
1999-05-07,1141
1999-05-10,1164
1999-05-11,1170
1999-05-12,1164.5
1999-05-13,1179.5
1999-05-14,1206
1999-05-17,1226
1999-05-18,1228
1999-05-19,1246
1999-05-20,1284
1999-05-21,1306.5
1999-05-24,1365.5
1999-05-25,1404.5
1999-05-26,1346.5
1999-05-27,1272.5
1999-05-28,1214.5
1999-05-31,1203.5
1999-06-01,1201
1999-06-02,1160.5
1999-06-03,1138.5
1999-06-04,1136
1999-06-07,1121
1999-06-08,1115
1999-06-09,1109.5
1999-06-10,1108.5
1999-06-11,1123
1999-06-14,1099.5
1999-06-15,1057.5
1999-06-16,1048.5
1999-06-17,1073
1999-06-18,1070.5
1999-06-21,1059
1999-06-22,1065
1999-06-23,1045.5
1999-06-24,1042
1999-06-25,1050.5
1999-06-28,1055.5
1999-06-29,1064.5
1999-06-30,1058.5
1999-07-01,1060.5
1999-07-02,1085.5
1999-07-05,1120.5
1999-07-06,1122
1999-07-07,1109
1999-07-08,1108
1999-07-09,1095.5
1999-07-12,1112.5
1999-07-13,1137.5
1999-07-14,1131
1999-07-15,1128
1999-07-16,1132
1999-07-19,1146
1999-07-20,1166
1999-07-21,1176.5
1999-07-22,1182
1999-07-23,1188.5
1999-07-26,1205.5
1999-07-27,1224
1999-07-28,1222.5
1999-07-29,1221.5
1999-07-30,1239
1999-08-02,1262
1999-08-03,1269.5
1999-08-04,1265
1999-08-05,1248.5
1999-08-06,1221
1999-08-09,1208
1999-08-10,1207
1999-08-11,1202.5
1999-08-12,1194.5
1999-08-13,1186.5
1999-08-16,1192
1999-08-17,1201
1999-08-18,1209.5
1999-08-19,1227
1999-08-20,1264
1999-08-23,1288
1999-08-24,1275.5
1999-08-25,1244.5
1999-08-26,1229
1999-08-27,1229.5
1999-08-30,1222
1999-08-31,1214
1999-09-01,1209.5
1999-09-02,1198.5
1999-09-03,1175.5
1999-09-07,1156.5
1999-09-08,1148.5
1999-09-09,1155.5
1999-09-10,1158.5
1999-09-13,1160.5
1999-09-14,1164.5
1999-09-15,1159
1999-09-16,1159
1999-09-17,1160
1999-09-20,1169.5
1999-09-21,1180.5
1999-09-22,1189.5
1999-09-23,1200.5
1999-09-24,1196
1999-09-27,1201
1999-09-28,1208.5
1999-09-29,1198.5
1999-09-30,1194.5
1999-10-01,1198.5
1999-10-04,1210.5
1999-10-05,1219.5
1999-10-06,1220
1999-10-07,1223.5
1999-10-08,1229.5
1999-10-11,1243
1999-10-12,1253.5
1999-10-14,1210.5
1999-10-15,1146.5
1999-10-18,1131.5
1999-10-19,1136.5
1999-10-20,1143.5
1999-10-21,1156.5
1999-10-22,1158
1999-10-25,1154
1999-10-26,1156
1999-10-27,1166
1999-10-28,1183
1999-10-29,1189
1999-11-01,1193
1999-11-02,1206
1999-11-03,1212
1999-11-04,1205.5
1999-11-05,1198
1999-11-08,1197
1999-11-10,1191.5
1999-11-11,1188
1999-11-12,1185.5
1999-11-15,1178.5
1999-11-16,1183
1999-11-17,1186
1999-11-18,1191
1999-11-19,1200.5
1999-11-22,1208.5
1999-11-23,1212
1999-11-24,1220
1999-11-25,1228
1999-11-26,1224
1999-11-29,1230.5
1999-11-30,1243.5
1999-12-01,1251
1999-12-02,1255.5
1999-12-03,1258.5
1999-12-06,1278
1999-12-07,1294.5
1999-12-08,1313.5
1999-12-09,1344.5
1999-12-11,1379
1999-12-13,1380
1999-12-14,1356.5
1999-12-15,1363
1999-12-16,1381.5
1999-12-18,1416.5
1999-12-20,1435.5
1999-12-21,1428.5
1999-12-22,1417
1999-12-23,1407.5
1999-12-27,1398.5
1999-12-28,1398
1999-12-29,1393.5
1999-12-30,1394.5
2000-01-03,1433
2000-01-04,1468.5
2000-01-06,1490
2000-01-12,1535.5
2000-01-13,1576.5
2000-01-14,1604
2000-01-17,1643.5
2000-01-18,1660.5
2000-01-19,1689
2000-01-20,1718.5
2000-01-21,1785.5
2000-01-24,1819
2000-01-25,1725.5
2000-01-26,1684
2000-01-27,1714.5
2000-01-28,1737.5
2000-01-31,1761
2000-02-01,1766.5
2000-02-02,1778
2000-02-03,1792.5
2000-02-04,1794.5
2000-02-07,1811
2000-02-08,1820.5
2000-02-09,1801
2000-02-10,1785
2000-02-11,1746
2000-02-14,1750
2000-02-15,1810.5
2000-02-16,1829
2000-02-17,1858
2000-02-18,1911
2000-02-21,1957
2000-02-22,1990
2000-02-23,2008.5
2000-02-24,2009
2000-02-25,1992.5
2000-02-28,1961.5
2000-02-29,1937
2000-03-01,1902.5
2000-03-02,1892.5
2000-03-03,1909
2000-03-06,1938.5
2000-03-07,1973.5
2000-03-08,1972.5
2000-03-09,1963.5
2000-03-10,1948
2000-03-13,1929
2000-03-14,1931
2000-03-15,1945
2000-03-16,1975.5
2000-03-20,2018
2000-03-21,2037
2000-03-22,2047
2000-03-24,2028
2000-03-27,1966.5
2000-03-28,1957.5
2000-03-29,1987
2000-03-30,1991
2000-03-31,1996
2000-04-03,1999
2000-04-04,1977
2000-04-05,1950
2000-04-06,1949.5
2000-04-07,1949
2000-04-10,1935.5
2000-04-11,1942.5
2000-04-12,1949.5
2000-04-13,1937
2000-04-14,1949.5
2000-04-17,1971.5
2000-04-18,1989
2000-04-19,2018.5
2000-04-20,2030
2000-04-21,2008.5
2000-04-24,1981
2000-04-25,1969
2000-04-26,1968
2000-04-27,1971.5
2000-04-28,1938
2000-05-01,1911
2000-05-02,1897.5
2000-05-03,1879
2000-05-04,1872
2000-05-05,1833.5
2000-05-08,1805.5
2000-05-09,1771
2000-05-10,1754
2000-05-11,1747
2000-05-12,1698
2000-05-15,1652
2000-05-16,1592
2000-05-17,1601.5
2000-05-18,1653.5
2000-05-19,1668.5
2000-05-22,1670
2000-05-23,1669.5
2000-05-24,1650.5
2000-05-25,1612.5
2000-05-26,1557
2000-05-29,1469.5
2000-05-31,1483
2000-06-01,1492.5
2000-06-02,1461
2000-06-05,1467.5
2000-06-06,1448.5
2000-06-07,1441.5
2000-06-08,1439
2000-06-09,1415
2000-06-12,1412.5
2000-06-13,1440
2000-06-14,1456.5
2000-06-15,1475.5
2000-06-19,1499
2000-06-20,1518
2000-06-21,1540
2000-06-22,1527.5
2000-06-23,1513
2000-06-26,1526.5
2000-06-27,1526.5
2000-06-28,1531
2000-06-29,1535
2000-06-30,1525
2000-07-03,1520.5
2000-07-04,1518.5
2000-07-05,1516.5
2000-07-06,1519
2000-07-07,1518.5
2000-07-10,1514
2000-07-11,1518.5
2000-07-12,1535
2000-07-13,1544.5
2000-07-14,1541.5
2000-07-17,1553.5
2000-07-18,1584
2000-07-19,1606.5
2000-07-20,1619
2000-07-21,1621.5
2000-07-24,1627
2000-07-25,1623.5
2000-07-26,1600.5
2000-07-27,1583
2000-07-28,1572
2000-07-31,1562
2000-08-01,1561
2000-08-02,1562.5
2000-08-03,1557
2000-08-04,1559
2000-08-07,1572.5
2000-08-08,1587.5
2000-08-09,1582
2000-08-10,1572.5
2000-08-11,1571
2000-08-15,1572
2000-08-16,1580
2000-08-17,1585
2000-08-18,1578.5
2000-08-21,1563.5
2000-08-22,1558
2000-08-23,1546
2000-08-24,1525.5
2000-08-25,1510.5
2000-08-28,1491.5
2000-08-29,1485
2000-08-30,1488.5
2000-08-31,1503.5
2000-09-01,1516
2000-09-04,1539.5
2000-09-05,1561.5
2000-09-06,1566
2000-09-07,1573.5
2000-09-08,1575
2000-09-11,1581.5
2000-09-12,1592.5
2000-09-13,1590
2000-09-14,1572.5
2000-09-15,1564
2000-09-18,1564
2000-09-19,1559.5
2000-09-20,1560
2000-09-21,1565
2000-09-22,1565
2000-09-25,1564
2000-09-26,1561.5
2000-09-27,1560
2000-09-28,1561.5
2000-09-29,1563
2000-10-02,1573
2000-10-03,1589
2000-10-04,1600
2000-10-05,1596
2000-10-06,1584
2000-10-09,1584.5
2000-10-10,1587
2000-10-11,1580.5
2000-10-12,1569
2000-10-13,1554
2000-10-16,1531
2000-10-17,1520
2000-10-18,1521.5
2000-10-19,1513
2000-10-20,1504
2000-10-23,1509.5
2000-10-24,1515.5
2000-10-25,1514.5
2000-10-26,1505
2000-10-27,1490.5
2000-10-30,1479
2000-10-31,1480
2000-11-01,1487
2000-11-02,1492
2000-11-03,1509
2000-11-06,1520.5
2000-11-07,1511
2000-11-08,1498.5
2000-11-10,1479
2000-11-13,1456
2000-11-14,1445
2000-11-15,1433.5
2000-11-16,1419
2000-11-17,1410
2000-11-20,1397.5
2000-11-21,1367
2000-11-22,1368
2000-11-23,1385
2000-11-24,1369
2000-11-27,1339.5
2000-11-28,1305.5
2000-11-29,1297.5
2000-11-30,1291.5
2000-12-02,1278.5
2000-12-04,1293
2000-12-05,1303.5
2000-12-06,1302.5
2000-12-07,1311.5
2000-12-09,1329.5
2000-12-11,1360
2000-12-12,1384.5
2000-12-13,1380
2000-12-14,1374.5
2000-12-16,1397
2000-12-18,1430.5
2000-12-19,1441
2000-12-20,1454.5
2000-12-21,1504.5
2000-12-23,1538
2000-12-26,1523
2001-01-01,1513
2001-01-02,1520
2001-01-03,1536
2001-01-04,1550
2001-01-05,1548
2001-01-08,1534
2001-01-09,1525
2001-01-10,1529
2001-01-11,1517.5
2001-01-12,1488
2001-01-15,1463.5
2001-01-16,1460.5
2001-01-17,1464.5
2001-01-18,1454
2001-01-19,1448
2001-01-22,1463.5
2001-01-23,1477
2001-01-24,1473
2001-01-25,1452
2001-01-26,1427.5
2001-01-29,1413
2001-01-30,1424.5
2001-01-31,1451.5
2001-02-01,1460
2001-02-02,1468.5
2001-02-06,1482.5
2001-02-07,1485.5
2001-02-08,1487
2001-02-09,1493
2001-02-12,1509.5
2001-02-13,1512
2001-02-14,1506
2001-02-15,1507
2001-02-16,1508.5
2001-02-19,1512.5
2001-02-20,1502
2001-02-21,1490
2001-02-22,1478.5
2001-02-23,1454.5
2001-02-26,1435
2001-02-27,1434
2001-02-28,1430.5
2001-03-01,1424.5
2001-03-02,1429.5
2001-03-09,1426.5
2001-03-12,1420.5
2001-03-13,1414
2001-03-14,1404
2001-03-15,1395.5
2001-03-16,1393
2001-03-19,1393.5
2001-03-20,1391.5
2001-03-21,1386
2001-03-22,1365.5
2001-03-26,1340.5
2001-03-27,1342
2001-03-28,1347.5
2001-03-29,1332.5
2001-03-30,1324
2001-04-02,1331
2001-04-03,1333.5
2001-04-06,1326
2001-04-09,1328
2001-04-10,1329.5
2001-04-11,1326.5
2001-04-12,1340.5
2001-04-13,1363
2001-04-16,1377
2001-04-17,1386
2001-04-18,1389.5
2001-04-19,1379.5
2001-04-20,1379
2001-04-23,1390.5
2001-04-24,1385.5
2001-04-25,1378
2001-04-26,1379.5
2001-04-27,1372.5
2001-04-30,1365.5
2001-05-02,1372.5
2001-05-03,1376
2001-05-04,1372.5
2001-05-07,1374.5
2001-05-08,1369
2001-05-09,1354.5
2001-05-10,1348.5
2001-05-11,1347.5
2001-05-14,1343.5
2001-05-15,1340
2001-05-16,1353.5
2001-05-17,1369.5
2001-05-18,1367
2001-05-21,1368
2001-05-22,1366.5
2001-05-23,1351.5
2001-05-24,1351
2001-05-25,1354
2001-05-28,1355
2001-05-29,1363.5
2001-05-30,1371
2001-05-31,1376.5
2001-06-01,1380
2001-06-04,1399
2001-06-06,1397.5
2001-06-07,1377
2001-06-08,1371
2001-06-11,1373.5
2001-06-12,1379.5
2001-06-13,1381.5
2001-06-14,1382.5
2001-06-15,1385.5
2001-06-18,1390
2001-06-19,1376
2001-06-20,1365
2001-06-21,1359.5
2001-06-22,1352
2001-06-25,1354
2001-06-26,1355
2001-06-27,1359
2001-06-28,1366
2001-06-29,1367.5
2001-07-03,1350
2001-07-04,1335.5
2001-07-05,1329
2001-07-06,1313.5
2001-07-09,1303
2001-07-10,1299
2001-07-11,1305
2001-07-12,1316
2001-07-13,1316
2001-07-16,1313.5
2001-07-17,1301.5
2001-07-18,1289
2001-07-19,1287
2001-07-20,1272.5
2001-07-23,1261.5
2001-07-24,1269.5
2001-07-25,1268
2001-07-26,1255.5
2001-07-27,1247.5
2001-07-30,1242
2001-07-31,1235
2001-08-01,1238.5
2001-08-02,1248
2001-08-03,1250.5
2001-08-06,1247
2001-08-07,1243.5
2001-08-08,1240
2001-08-09,1228.5
2001-08-10,1225
2001-08-13,1242
2001-08-15,1262.5
2001-08-16,1279.5
2001-08-17,1290.5
2001-08-20,1286
2001-08-21,1282.5
2001-08-22,1279
2001-08-23,1270
2001-08-24,1267
2001-08-27,1269.5
2001-08-28,1266
2001-08-29,1260
2001-08-30,1261.5
2001-08-31,1261.5
2001-09-03,1254
2001-09-04,1241.5
2001-09-05,1237
2001-09-06,1243.5
2001-09-07,1246.5
2001-09-10,1251.5
2001-09-11,1256
2001-09-12,1232
2001-09-13,1199
2001-09-14,1165
2001-09-24,1123
2001-09-25,1105.5
2001-09-26,1114.5
2001-09-27,1127
2001-09-28,1131.5
2001-10-01,1115
2001-10-02,1086
2001-10-03,1081
2001-10-04,1099.5
2001-10-05,1126.5
2001-10-08,1122
2001-10-09,1138.5
2001-10-10,1171.5
2001-10-11,1174.5
2001-10-12,1187
2001-10-15,1216
2001-10-16,1234.5
2001-10-17,1238
2001-10-18,1249.5
2001-10-19,1260.5
2001-10-22,1309
2001-10-23,1355.5
2001-10-24,1380
2001-10-25,1381.5
2001-10-26,1382.5
2001-10-29,1413.5
2001-10-30,1418.5
2001-10-31,1409
2001-11-01,1392
2001-11-02,1389
2001-11-05,1380.5
2001-11-06,1351
2001-11-07,1347.5
2001-11-08,1368.5
2001-11-12,1376
2001-11-13,1353.5
2001-11-14,1344.5
2001-11-15,1361.5
2001-11-16,1376.5
2001-11-19,1380.5
2001-11-20,1367
2001-11-21,1356.5
2001-11-22,1356.5
2001-11-24,1356.5
2001-11-26,1360
2001-11-27,1367
2001-11-28,1374.5
2001-11-29,1367
2001-12-01,1356.5
2001-12-03,1360.5
2001-12-04,1366
2001-12-05,1370
2001-12-06,1377
2001-12-08,1381.5
2001-12-10,1381
2001-12-11,1374.5
2001-12-12,1375
2001-12-15,1380
2001-12-20,1382.5
2001-12-21,1394.5
2001-12-24,1363.5
2001-12-26,1322
2001-12-27,1299
2001-12-28,1273
2001-12-31,1271
2002-01-01,1297.5
2002-01-02,1326.5
2002-01-03,1340.5
2002-01-04,1356.5
2002-01-07,1380.5
2002-01-08,1383.5
2002-01-09,1378
2002-01-10,1385.5
2002-01-11,1379.5
2002-01-14,1401.5
2002-01-15,1427
2002-01-16,1427
2002-01-17,1438.5
2002-01-18,1464
2002-01-21,1474.5
2002-01-22,1467
2002-01-23,1482.5
2002-01-24,1505.5
2002-01-25,1518.5
2002-01-28,1538
2002-01-29,1564.5
2002-01-30,1586.5
2002-01-31,1606.5
2002-02-01,1645.5
2002-02-04,1676.5
2002-02-06,1669
2002-02-07,1689.5
2002-02-08,1754
2002-02-11,1780
2002-02-12,1763.5
2002-02-13,1709
2002-02-14,1694.5
2002-02-15,1713
2002-02-18,1679
2002-02-19,1670.5
2002-02-20,1700.5
2002-02-21,1719.5
2002-02-26,1721
2002-02-27,1738.5
2002-02-28,1762.5
2002-03-01,1770.5
2002-03-04,1774
2002-03-05,1780
2002-03-06,1808
2002-03-07,1832
2002-03-08,1843
2002-03-11,1862
2002-03-12,1880.5
2002-03-13,1874
2002-03-14,1895
2002-03-15,1908.5
2002-03-18,1874
2002-03-19,1873
2002-03-20,1879
2002-03-21,1879
2002-03-22,1889
2002-03-26,1880
2002-03-27,1847
2002-03-28,1840
2002-03-29,1860
2002-04-01,1857.5
2002-04-02,1854
2002-04-03,1865.5
2002-04-04,1861.5
2002-04-05,1851.5
2002-04-08,1848.5
2002-04-09,1845
2002-04-10,1834.5
2002-04-11,1835
2002-04-12,1851.5
2002-04-15,1871.5
2002-04-16,1887.5
2002-04-17,1886.5
2002-04-18,1880
2002-04-19,1871
2002-04-22,1863.5
2002-04-23,1867.5
2002-04-24,1877
2002-04-25,1874
2002-04-26,1861
2002-04-29,1878.5
2002-04-30,1900
2002-05-02,1897.5
2002-05-03,1900
2002-05-06,1894
2002-05-07,1864.5
2002-05-08,1817.5
2002-05-09,1803.5
2002-05-10,1807.5
2002-05-13,1799.5
2002-05-14,1797.5
2002-05-15,1803.5
2002-05-16,1816
2002-05-17,1799
2002-05-20,1713.5
2002-05-21,1622.5
2002-05-22,1563
2002-05-24,1595.5
2002-05-27,1689
2002-05-28,1694
2002-05-29,1686.5
2002-05-30,1685
2002-05-31,1666.5
2002-06-03,1655.5
2002-06-04,1662
2002-06-05,1700
2002-06-06,1719.5
2002-06-07,1703
2002-06-10,1741.5
2002-06-11,1790.5
2002-06-12,1787
2002-06-13,1784.5
2002-06-14,1776
2002-06-17,1767
2002-06-18,1765
2002-06-19,1762
2002-06-20,1774
2002-06-21,1783.5
2002-06-24,1773.5
2002-06-25,1772
2002-06-26,1775.5
2002-06-27,1771
2002-06-28,1768.5
2002-07-01,1777.5
2002-07-02,1795
2002-07-03,1802.5
2002-07-04,1796
2002-07-05,1796
2002-07-08,1800
2002-07-09,1798
2002-07-10,1795
2002-07-11,1788.5
2002-07-12,1783
2002-07-15,1759
2002-07-16,1748.5
2002-07-17,1776.5
2002-07-18,1789
2002-07-19,1793
2002-07-22,1800.5
2002-07-23,1798.5
2002-07-24,1794
2002-07-25,1791.5
2002-07-26,1786.5
2002-07-29,1780.5
2002-07-30,1778.5
2002-07-31,1783.5
2002-08-01,1785.5
2002-08-02,1781
2002-08-05,1781
2002-08-06,1782
2002-08-07,1787
2002-08-08,1797
2002-08-09,1808.5
2002-08-12,1829.5
2002-08-13,1844.5
2002-08-15,1843.5
2002-08-16,1842
2002-08-19,1849.5
2002-08-20,1861.5
2002-08-21,1870
2002-08-22,1899
2002-08-23,1925.5
2002-08-26,1918
2002-08-27,1918
2002-08-28,1931
2002-08-29,1943.5
2002-08-30,1963
2002-09-02,1964
2002-09-03,1964
2002-09-04,1981
2002-09-05,1989.5
2002-09-06,2000.5
2002-09-09,1995
2002-09-10,1971.5
2002-09-11,1962
2002-09-12,1958.5
2002-09-13,1955
2002-09-16,1947
2002-09-17,1950.5
2002-09-18,1962.5
2002-09-19,1976
2002-09-20,1985
2002-09-23,1985
2002-09-24,1995.5
2002-09-25,1999.5
2002-09-26,2004.5
2002-09-27,2016.5
2002-09-30,2019
2002-10-01,2012
2002-10-02,2017.5
2002-10-03,2021.5
2002-10-04,2020.5
2002-10-07,2037.5
2002-10-08,2057
2002-10-09,2083
2002-10-11,2068
2002-10-14,2038.5
2002-10-15,2051.5
2002-10-16,2072.5
2002-10-17,2087.5
2002-10-18,2102.5
2002-10-21,2115.5
2002-10-22,2130.5
2002-10-23,2155.5
2002-10-24,2181.5
2002-10-25,2215.5
2002-10-28,2222.5
2002-10-29,2211
2002-10-30,2233
2002-10-31,2265.5
2002-11-01,2287
2002-11-04,2249.5
2002-11-05,2231
2002-11-06,2240.5
2002-11-07,2226
2002-11-08,2228
2002-11-11,2219.5
2002-11-12,2217.5
2002-11-13,2244
2002-11-14,2267.5
2002-11-15,2271
2002-11-18,2286
2002-11-19,2316.5
2002-11-20,2345
2002-11-21,2354.5
2002-11-22,2349
2002-11-25,2351.5
2002-11-26,2348
2002-11-27,2312
2002-11-28,2261.5
2002-11-29,2262
2002-12-02,2296
2002-12-04,2325.5
2002-12-09,2372.5
2002-12-10,2395
2002-12-11,2396
2002-12-12,2415.5
2002-12-13,2440.5
2002-12-16,2470
2002-12-17,2492.5
2002-12-18,2499
2002-12-19,2518
2002-12-20,2530
2002-12-23,2517
2002-12-24,2530
2002-12-26,2594
2002-12-27,2649
2002-12-30,2677.5
2002-12-31,2697.5
2003-01-01,2684
2003-01-02,2689
2003-01-03,2728
2003-01-06,2755.5
2003-01-07,2773
2003-01-08,2779
2003-01-09,2804
2003-01-10,2849.5
2003-01-13,2861.5
2003-01-14,2852
2003-01-15,2900
2003-01-16,2953
2003-01-17,2955.5
2003-01-20,2938
2003-01-21,2858
2003-01-22,2767
2003-01-23,2678
2003-01-24,2613
2003-01-27,2678
2003-01-28,2702
2003-01-29,2642
2003-01-30,2638
2003-01-31,2597
2003-02-03,2508
2003-02-04,2474
2003-02-06,2480
2003-02-07,2482
2003-02-10,2449.5
2003-02-17,2463.5
2003-02-18,2528
2003-02-19,2523.5
2003-02-20,2504.5
2003-02-21,2518.5
2003-02-24,2508.5
2003-02-25,2458.5
2003-02-26,2412.5
2003-02-27,2376.5
2003-02-28,2377.5
2003-03-03,2460
2003-03-04,2483
2003-03-05,2458.5
2003-03-06,2475
2003-03-07,2464.5
2003-03-10,2450.5
2003-03-11,2467
2003-03-12,2511
2003-03-17,2513
2003-03-18,2506
2003-03-19,2516
2003-03-20,2548
2003-03-21,2621
2003-03-24,2643
2003-03-25,2633.5
2003-03-26,2664
2003-03-27,2707
2003-03-28,2731.5
2003-03-31,2730
2003-04-01,2711
2003-04-02,2730
2003-04-03,2753.5
2003-04-04,2766
2003-04-07,2801
2003-04-08,2838
2003-04-09,2849.5
2003-04-10,2845.5
2003-04-11,2858
2003-04-14,2888
2003-04-15,2903
2003-04-16,2922.5
2003-04-17,2932.5
2003-04-18,2928
2003-04-21,2951
2003-04-22,2914.5
2003-04-23,2877
2003-04-24,2863
2003-04-25,2846.5
2003-04-28,2866
2003-04-29,2894
2003-04-30,2908.5
2003-05-02,2913.5
2003-05-05,2950.5
2003-05-06,2974.5
2003-05-07,2963
2003-05-08,2958
2003-05-09,2967.5
2003-05-12,2972.5
2003-05-13,2964.5
2003-05-14,2967.5
2003-05-16,2991
2003-05-19,3004
2003-05-20,2992.5
2003-05-21,3010.5
2003-05-22,3050.5
2003-05-23,3070
2003-05-26,3093
2003-05-27,3116.5
2003-05-28,3110
2003-05-29,3105
2003-05-30,3108
2003-06-02,3101.5
2003-06-03,3106.5
2003-06-04,3118.5
2003-06-05,3130
2003-06-06,3137
2003-06-09,3169.5
2003-06-10,3204.5
2003-06-11,3211.5
2003-06-12,3229.5
2003-06-13,3256.5
2003-06-16,3262.5
2003-06-17,3266
2003-06-18,3289.5
2003-06-19,3298
2003-06-20,3298
2003-06-23,3326
2003-06-24,3345.5
2003-06-25,3366
2003-06-26,3391.5
2003-06-27,3398.5
2003-06-30,3401
2003-07-01,3417.5
2003-07-02,3446.5
2003-07-03,3470.5
2003-07-04,3479.5
2003-07-07,3474
2003-07-08,3488.5
2003-07-09,3529.5
2003-07-10,3574.5
2003-07-11,3621.5
2003-07-14,3665.5
2003-07-15,3620.5
2003-07-16,3596.5
2003-07-17,3674
2003-07-18,3731.5
2003-07-21,3759.5
2003-07-22,3753
2003-07-23,3763.5
2003-07-24,3801.5
2003-07-25,3811.5
2003-07-28,3828.5
2003-07-29,3842
2003-07-30,3852.5
2003-07-31,3901.5
2003-08-01,3976.5
2003-08-04,4032.5
2003-08-05,4027.5
2003-08-06,4051
2003-08-07,4148
2003-08-08,4264
2003-08-11,4314.5
2003-08-12,4326.5
2003-08-13,4296
2003-08-15,4193.5
2003-08-18,4205
2003-08-19,4286.5
2003-08-20,4347
2003-08-21,4390.5
2003-08-22,4407
2003-08-25,4400
2003-08-26,4362
2003-08-27,4359.5
2003-08-28,4431
2003-08-29,4473
2003-09-01,4492.5
2003-09-02,4544
2003-09-03,4546
2003-09-04,4496.5
2003-09-05,4464
2003-09-08,4484.5
2003-09-09,4526.5
2003-09-10,4564
2003-09-11,4586.5
2003-09-12,4598
2003-09-15,4598.5
2003-09-16,4490
2003-09-17,4340
2003-09-18,4384
2003-09-19,4432
2003-09-22,4300.5
2003-09-23,4175
2003-09-24,4129
2003-09-25,4195.5
2003-09-26,4217
2003-09-29,4075.5
2003-09-30,4007.5
2003-10-01,4047.5
2003-10-02,4123.5
2003-10-03,4185.5
2003-10-06,4203
2003-10-07,4206
2003-10-08,4192.5
2003-10-09,4159
2003-10-10,4137
2003-10-13,4115
2003-10-14,4017
2003-10-15,3981
2003-10-16,4015.5
2003-10-17,3992.5
2003-10-20,3987
2003-10-21,4003.5
2003-10-22,3964.5
2003-10-23,3888.5
2003-10-24,3897.5
2003-10-27,3948.5
2003-10-28,3904
2003-10-29,3821
2003-10-30,3791
2003-10-31,3788.5
2003-11-03,3787.5
2003-11-04,3831
2003-11-05,3812
2003-11-06,3744
2003-11-07,3747.5
2003-11-10,3766
2003-11-11,3793.5
2003-11-12,3851
2003-11-13,3863.5
2003-11-14,3848
2003-11-17,3877
2003-11-18,3893.5
2003-11-19,3887
2003-11-20,3904
2003-11-21,3947.5
2003-11-24,4021
2003-11-25,4067.5
2003-12-01,4165.5
2003-12-02,4284
2003-12-03,4285.5
2003-12-04,4258
2003-12-05,4225
2003-12-08,4223
2003-12-09,4262
2003-12-10,4294.5
2003-12-11,4287.5
2003-12-12,4284.5
2003-12-15,4287
2003-12-16,4273.5
2003-12-17,4259
2003-12-18,4253.5
2003-12-19,4289
2003-12-22,4339
2003-12-23,4376
2003-12-24,4402.5
2003-12-26,4406.5
2003-12-29,4426
2003-12-30,4456.5
2003-12-31,4463
2004-01-01,4472.5
2004-01-02,4473.5
2004-01-05,4487.5
2004-01-06,4508
2004-01-07,4540
2004-01-08,4564.5
2004-01-09,4567
2004-01-12,4584
2004-01-13,4603
2004-01-14,4614
2004-01-15,4627.5
2004-01-16,4659.5
2004-01-19,4686
2004-01-20,4688
2004-01-21,4705
2004-01-22,4745.5
2004-01-23,4765.5
2004-01-26,4719.5
2004-01-27,4712.5
2004-01-28,4759
2004-01-29,4787
2004-01-30,4822.5
2004-02-06,4864.5
2004-02-09,4868
2004-02-10,4878
2004-02-11,4899
2004-02-12,4847.5
2004-02-13,4840
2004-02-16,4874
2004-02-17,4853
2004-02-18,4866
2004-02-19,4897
2004-02-20,4881.5
2004-02-23,4813
2004-02-24,4772
2004-02-25,4792
2004-02-26,4803.5
2004-02-27,4825
2004-03-03,4847
2004-03-04,4871
2004-03-05,4894
2004-03-08,4909
2004-03-09,4914
2004-03-10,4897
2004-03-11,4894
2004-03-12,4909.5
2004-03-15,4933.5
2004-03-16,4966
2004-03-17,4981
2004-03-18,4978
2004-03-19,4987
2004-03-22,4999
2004-03-24,5021.5
2004-03-25,5079
2004-03-26,5115.5
2004-03-29,5110.5
2004-03-30,5103
2004-03-31,5105
2004-04-01,5124
2004-04-02,5151.5
2004-04-05,5195
2004-04-06,5247.5
2004-04-07,5288.5
2004-04-08,5327.5
2004-04-09,5358.5
2004-04-12,5408
2004-04-13,5436.5
2004-04-14,5443.5
2004-04-15,5483
2004-04-16,5545
2004-04-19,5601.5
2004-04-20,5606.5
2004-04-21,5512.5
2004-04-22,5504.5
2004-04-23,5491.5
2004-04-26,5411.5
2004-04-27,5421.5
2004-04-28,5398
2004-04-29,5358
2004-04-30,5388.5
2004-05-04,5478
2004-05-05,5517
2004-05-06,5519
2004-05-07,5529.5
2004-05-10,5503
2004-05-11,5467.5
2004-05-12,5406
2004-05-13,5367.5
2004-05-14,5427
2004-05-17,5433.5
2004-05-18,5400
2004-05-19,5413.5
2004-05-20,5458.5
2004-05-21,5494.5
2004-05-24,5488
2004-05-25,5465
2004-05-26,5474
2004-05-27,5480
2004-05-28,5490
2004-05-31,5500.5
2004-06-01,5476
2004-06-02,5458
2004-06-03,5370.5
2004-06-04,5321
2004-06-07,5390
2004-06-08,5433.5
2004-06-09,5457
2004-06-10,5417.5
2004-06-11,5377.5
2004-06-14,5301
2004-06-15,5268
2004-06-16,5311.5
2004-06-17,5285
2004-06-18,5257
2004-06-21,5176.5
2004-06-22,5092
2004-06-23,5084.5
2004-06-24,5120
2004-06-25,5128.5
2004-06-28,5192.5
2004-06-29,5272
2004-06-30,5272
2004-07-01,5313.5
2004-07-02,5350.5
2004-07-05,5376.5
2004-07-06,5395.5
2004-07-07,5400
2004-07-08,5416.5
2004-07-09,5439
2004-07-12,5470
2004-07-13,5479.5
2004-07-14,5473.5
2004-07-15,5456.5
2004-07-16,5413.5
2004-07-19,5383.5
2004-07-20,5384
2004-07-21,5414.5
2004-07-22,5433
2004-07-23,5417.5
2004-07-26,5377.5
2004-07-27,5330
2004-07-28,5332.5
2004-07-29,5327.5
2004-07-30,5297
2004-08-02,5248.5
2004-08-03,5235
2004-08-04,5286
2004-08-05,5306.5
2004-08-06,5324
2004-08-09,5354
2004-08-10,5366
2004-08-11,5360.5
2004-08-12,5339.5
2004-08-13,5331
2004-08-16,5333
2004-08-17,5354
2004-08-18,5397.5
2004-08-19,5248.5
2004-08-20,5393.5
2004-08-23,5405
2004-08-24,5384.5
2004-08-25,5361.5
2004-08-26,5368
2004-08-27,5387.5
2004-08-30,5362
2004-08-31,5338
2004-09-01,5333
2004-09-02,5324
2004-09-03,5323.5
2004-09-06,5257
2004-09-07,5182
2004-09-08,5184
2004-09-09,5191.5
2004-09-10,5178
2004-09-13,5145
2004-09-14,5102.5
2004-09-15,5042
2004-09-16,5026
2004-09-17,5050.5
2004-09-20,5045.5
2004-09-21,5001.5
2004-09-22,4924
2004-09-23,4930.5
2004-09-24,5026
2004-09-27,5103
2004-09-28,5126.5
2004-09-29,5162
2004-09-30,5207
2004-10-01,5232
2004-10-04,5257
2004-10-05,5250
2004-10-06,5266.5
2004-10-07,5298
2004-10-08,5319.5
2004-10-11,5357.5
2004-10-12,5396.5
2004-10-13,5433.5
2004-10-14,5458
2004-10-15,5451.5
2004-10-18,5407
2004-10-19,5424
2004-10-20,5466
2004-10-21,5459
2004-10-22,5455.5
2004-10-25,5463
2004-10-26,5429
2004-10-27,5386.5
2004-10-28,5375.5
2004-10-29,5350
2004-11-01,5289.5
2004-11-02,5288.5
2004-11-03,5341
2004-11-04,5350
2004-11-05,5350
2004-11-08,5365.5
2004-11-10,5403
2004-11-12,5455.5
2004-11-18,5499.5
2004-11-19,5517.5
2004-11-22,5511.5
2004-11-23,5508.5
2004-11-24,5523.5
2004-11-25,5528
2004-11-26,5540
2004-11-29,5564.5
2004-11-30,5570
2004-12-01,5564.5
2004-12-02,5557
2004-12-03,5564.5
2004-12-06,5604.5
2004-12-07,5654.5
2004-12-08,5687.5
2004-12-09,5718.5
2004-12-10,5719.5
2004-12-13,5729.5
2004-12-14,5762.5
2004-12-15,5795.5
2004-12-16,5826
2004-12-17,5835.5
2004-12-20,5848
2004-12-21,5863.5
2004-12-22,5919.5
2004-12-23,5972
2004-12-24,6012
2004-12-27,6046
2004-12-28,6062
2004-12-29,6101
2004-12-30,6115.5
2004-12-31,6162.5
2005-01-03,6219
2005-01-04,6259
2005-01-05,6292
2005-01-06,6319.5
2005-01-07,6336
2005-01-10,6401.5
2005-01-11,6597
2005-01-12,6683.5
2005-01-13,6541
2005-01-14,6492.5
2005-01-17,6596.5
2005-01-18,6618.5
2005-01-19,6675
2005-01-24,6804
2005-01-25,6875
2005-01-26,6896.5
2005-01-27,6929
2005-01-28,6875.5
2005-01-31,6772.5
2005-02-01,6808
2005-02-02,6909.5
2005-02-03,6982.5
2005-02-04,6991.5
2005-02-07,7029.5
2005-02-08,7123
2005-02-09,7156
2005-02-10,7177
2005-02-11,7218
2005-02-14,7290.5
2005-02-15,7372.5
2005-02-16,7456
2005-02-17,7544.5
2005-02-18,7657
2005-02-21,7800
2005-02-22,7896
2005-02-23,8053.5
2005-02-24,8217
2005-02-25,8269
2005-02-28,8272.5
2005-03-01,8332.5
2005-03-02,8305.5
2005-03-03,8351.5
2005-03-04,8645.5
2005-03-07,8828.5
2005-03-08,9041
2005-03-09,9403.5
2005-03-10,9580
2005-03-11,9588
2005-03-14,9801
2005-03-15,10150.5
2005-03-16,10190.5
2005-03-17,9857
2005-03-18,9567.5
2005-03-21,9298.5
2005-03-22,8896.5
2005-03-24,8504.5
2005-03-25,8139.5
2005-03-28,7836.5
2005-03-29,7781.5
2005-03-30,7970.5
2005-03-31,7928
2005-04-01,7683.5
2005-04-04,7823.5
2005-04-05,7935.5
2005-04-06,7717.5
2005-04-07,7699
2005-04-08,7688.5
2005-04-11,7418.5
2005-04-12,7091.5
2005-04-13,7031.5
2005-04-14,7163.5
2005-04-15,7358
2005-04-18,7373.5
2005-04-19,7093.5
2005-04-20,6992
2005-04-21,7066
2005-04-25,7049
2005-04-26,7081
2005-04-27,7220.5
2005-04-28,7210
2005-04-29,7124.5
2005-05-02,6969
2005-05-03,6860.5
2005-05-04,6893.5
2005-05-05,6998.5
2005-05-06,7140.5
2005-05-09,7284
2005-05-10,7376.5
2005-05-11,7433
2005-05-12,7391
2005-05-13,7347.5
2005-05-16,7363.5
2005-05-17,7377
2005-05-18,7393
2005-05-19,7381
2005-05-20,7357
2005-05-23,7141.5
2005-05-24,7009
2005-05-25,6988.5
2005-05-26,6803.5
2005-05-27,6566
2005-05-30,6587.5
2005-05-31,6783
2005-06-01,6939
2005-06-02,7171
2005-06-03,7267.5
2005-06-06,7158.5
2005-06-07,7247.5
2005-06-08,7327.5
2005-06-09,7285.5
2005-06-10,7326
2005-06-13,7393.5
2005-06-14,7405.5
2005-06-15,7429
2005-06-16,7410
2005-06-17,7365
2005-06-20,7531
2005-06-21,7576.5
2005-06-22,7449.5
2005-06-23,7413.5
2005-06-24,7384
2005-06-27,7302.5
2005-06-28,7343.5
2005-06-29,7463.5
2005-06-30,7472.5
2005-07-01,7457.5
2005-07-04,7437
2005-07-05,7463.5
2005-07-06,7524
2005-07-07,7559.5
2005-07-08,7589
2005-07-11,7571.5
2005-07-12,7533
2005-07-13,7496.5
2005-07-14,7476.5
2005-07-15,7504
2005-07-18,7487
2005-07-19,7379
2005-07-20,7365.5
2005-07-21,7411
2005-07-22,7382.5
2005-07-25,7329.5
2005-07-26,7303.5
2005-07-27,7260
2005-07-28,7216.5
2005-07-29,7197
2005-08-01,7187
2005-08-02,7260
2005-08-03,7383.5
2005-08-04,7423.5
2005-08-05,7412
2005-08-08,7367
2005-08-09,7249.5
2005-08-10,7124
2005-08-11,7017.5
2005-08-12,7061
2005-08-15,7137
2005-08-16,7131
2005-08-17,7119
2005-08-19,7205.5
2005-08-22,7451
2005-08-23,7574
2005-08-24,7535
2005-08-25,7533
2005-08-26,7570
2005-08-29,7638.5
2005-08-30,7717.5
2005-08-31,7770.5
2005-09-01,7783
2005-09-02,7779.5
2005-09-05,7819.5
2005-09-06,7828
2005-09-07,7805.5
2005-09-08,7844
2005-09-09,7886.5
2005-09-12,7891
2005-09-13,7894
2005-09-14,7926
2005-09-15,7968
2005-09-16,7957
2005-09-19,7954
2005-09-20,8019.5
2005-09-21,8126.5
2005-09-22,8186.5
2005-09-23,8183
2005-09-26,8198.5
2005-09-27,8206
2005-09-28,8195.5
2005-09-29,8174
2005-09-30,8189
2005-10-03,8278
2005-10-04,8378.5
2005-10-05,8504.5
2005-10-06,8561
2005-10-07,8541
2005-10-10,8531.5
2005-10-11,8571.5
2005-10-12,8707
2005-10-13,8777
2005-10-14,8813
2005-10-17,8882.5
2005-10-18,8785
2005-10-19,8771
2005-10-20,8715.5
2005-10-21,8424
2005-10-24,8349.5
2005-10-25,8363
2005-10-26,8276
2005-10-27,8276
2005-10-31,8282
2005-11-02,8342
2005-11-07,8550.5
2005-11-08,8679
2005-11-10,8744.5
2005-11-11,8794.5
2005-11-14,8816
2005-11-15,8864
2005-11-16,8893
2005-11-17,8880
2005-11-18,8899
2005-11-21,8947.5
2005-11-22,8983.5
2005-11-23,9011
2005-11-24,9044.5
2005-11-25,9068.5
2005-11-28,9105.5
2005-11-29,9141.5
2005-11-30,9081
2005-12-01,9053.5
2005-12-02,9153.5
2005-12-05,9285.5
2005-12-06,9371
2005-12-07,9386
2005-12-08,9396.5
2005-12-09,9425
2005-12-12,9446
2005-12-13,9451
2005-12-14,9427.5
2005-12-15,9446.5
2005-12-16,9502
2005-12-19,9447.5
2005-12-20,9431
2005-12-21,9493
2005-12-22,9487.5
2005-12-23,9481
2005-12-26,9431.5
2005-12-27,9409.5
2005-12-28,9456.5
2005-12-29,9481.5
2005-12-30,9527
2006-01-02,9614.5
2006-01-03,9719.5
2006-01-04,9810
2006-01-05,9880
2006-01-06,9896.5
2006-01-09,9938
2006-01-16,10042
2006-01-17,10130
2006-01-18,10200.5
2006-01-19,10247.5
2006-01-20,10244
2006-01-23,10287.5
2006-01-24,10258.5
2006-01-25,10192
2006-01-26,10259.5
2006-01-27,10376.5
2006-01-30,10488
2006-01-31,10526
2006-02-01,10510.5
2006-02-02,10481.5
2006-02-03,10596.5
2006-02-06,10764.5
2006-02-07,10858
2006-02-10,10983.5
2006-02-13,11135.5
2006-02-14,11069
2006-02-15,11089.5
2006-02-16,11218
2006-02-17,11265
2006-02-20,11397.5
2006-02-21,11489.5
2006-02-22,11490.5
2006-02-23,11526.5
2006-02-24,11578
2006-02-27,11369.5
2006-02-28,11324
2006-03-01,11465
2006-03-02,11428
2006-03-03,11398.5
2006-03-06,11181
2006-03-07,11016
2006-03-08,10839.5
2006-03-09,10699
2006-03-10,10639
2006-03-13,10283.5
2006-03-14,10263
2006-03-15,10413
2006-03-16,10541
2006-03-17,10820
2006-03-20,10991.5
2006-03-21,11081
2006-03-22,11204.5
2006-03-24,11369.5
2006-03-27,11431
2006-03-28,11425.5
2006-03-29,11431.5
2006-03-30,11491.5
2006-03-31,11527.5
2006-04-03,11530
2006-04-04,11619.5
2006-04-05,11665.5
2006-04-06,11675.5
2006-04-07,11811
2006-04-10,11964.5
2006-04-13,12026.5
2006-04-14,12099
2006-04-17,12205.5
2006-04-18,12195
2006-04-19,12082
2006-04-20,12062
2006-04-21,12042
2006-04-24,11905.5
2006-04-25,11872.5
2006-04-26,11926
2006-04-27,11797
2006-04-28,11513
2006-05-02,11457.5
2006-05-03,11650.5
2006-05-04,11709
2006-05-05,11688
2006-05-08,11731
2006-05-09,11676.5
2006-05-10,11574.5
2006-05-11,11551.5
2006-05-12,11521.5
2006-05-15,11304.5
2006-05-16,10902
2006-05-17,10900.5
2006-05-18,10891
2006-05-19,10774.5
2006-05-22,10896
2006-05-23,10932
2006-05-24,11025
2006-05-25,11068
2006-05-26,10839.5
2006-05-29,10454
2006-05-30,10183.5
2006-05-31,9960
2006-06-01,9992.5
2006-06-02,10265
2006-06-05,10360
2006-06-06,10453
2006-06-07,10367
2006-06-08,9988.5
2006-06-09,9812.5
2006-06-12,9791.5
2006-06-13,9524
2006-06-14,9041
2006-06-15,8972
2006-06-16,9392
2006-06-19,9775.5
2006-06-20,10024.5
2006-06-21,10104
2006-06-22,10137
2006-06-23,9989.5
2006-06-26,9606.5
2006-06-27,9223.5
2006-06-28,9238
2006-06-29,9726
2006-06-30,9915
2006-07-03,9796.5
2006-07-04,9716.5
2006-07-05,9882.5
2006-07-06,9926
2006-07-07,9876
2006-07-10,9670
2006-07-11,9580
2006-07-12,9788.5
2006-07-13,9968
2006-07-14,10021
2006-07-17,9987.5
2006-07-18,10070
2006-07-19,10195.5
2006-07-20,10198.5
2006-07-21,10228
2006-07-24,10304.5
2006-07-25,10376
2006-07-26,10372.5
2006-07-27,10387.5
2006-07-28,10392.5
2006-07-31,10426
2006-08-01,10502.5
2006-08-02,10532.5
2006-08-03,10613
2006-08-04,10720.5
2006-08-07,10810
2006-08-08,10837.5
2006-08-09,10742
2006-08-10,10590.5
2006-08-11,10465.5
2006-08-15,10361.5
2006-08-16,10447
2006-08-17,10567
2006-08-18,10560
2006-08-21,10522.5
2006-08-22,10351.5
2006-08-23,10233
2006-08-24,10100
2006-08-25,9770
2006-08-28,9731
2006-08-29,9910
2006-08-30,10014.5
2006-08-31,10075
2006-09-01,10117.5
2006-09-04,10148.5
2006-09-05,10064
2006-09-06,10035.5
2006-09-07,9998
2006-09-08,9946
2006-09-11,9929
2006-09-12,10025
2006-09-13,10073
2006-09-14,10009
2006-09-15,10007
2006-09-18,9930.5
2006-09-19,9892.5
2006-09-20,9971
2006-09-21,10094
2006-09-22,10231
2006-09-25,10279.5
2006-09-26,10278.5
2006-09-27,10346
2006-09-28,10458
2006-09-29,10521
2006-10-02,10564.5
2006-10-03,10604.5
2006-10-04,10668.5
2006-10-05,10800
2006-10-06,10891.5
2006-10-09,10935
2006-10-10,10951.5
2006-10-11,10923
2006-10-12,10883
2006-10-13,10902.5
2006-10-16,10917
2006-10-17,11038
2006-10-18,11283.5
2006-10-19,11483.5
2006-10-30,11547.5
2006-10-31,11428
2006-11-01,11169.5
2006-11-02,10978
2006-11-03,11096
2006-11-06,11129.5
2006-11-07,11015
2006-11-08,10995.5
2006-11-10,10856.5
2006-11-13,10742
2006-11-14,10806.5
2006-11-15,10840.5
2006-11-16,10831
2006-11-17,10778
2006-11-20,10568.5
2006-11-21,10527
2006-11-22,10634.5
2006-11-23,10756.5
2006-11-24,10869
2006-11-27,10810.5
2006-11-28,10756
2006-11-29,10678.5
2006-11-30,10607
2006-12-01,10503.5
2006-12-04,10402
2006-12-05,10483
2006-12-06,10613.5
2006-12-07,10660
2006-12-08,10602.5
2006-12-11,10573.5
2006-12-12,10614.5
2006-12-13,10615.5
2006-12-14,10595.5
2006-12-15,10578
2006-12-18,10446.5
2006-12-19,10198.5
2006-12-20,10119
2006-12-21,10052.5
2006-12-22,9908.5
2006-12-26,9959.5
2006-12-27,10028.5
2006-12-28,10045.5
2006-12-29,10050
2007-01-03,10053.5
2007-01-04,10125.5
2007-01-05,10166
2007-01-08,10191.5
2007-01-09,10320.5
2007-01-10,10389.5
2007-01-11,10366.5
2007-01-12,10392.5
2007-01-15,10467
2007-01-16,10549.5
2007-01-17,10604
2007-01-18,10629
2007-01-19,10641
2007-01-22,10673.5
2007-01-23,10705.5
2007-01-24,10781
2007-01-25,10944
2007-01-26,11068
2007-01-31,11188.5
2007-02-01,11310.5
2007-02-02,11469.5
2007-02-06,11611
2007-02-07,11680
2007-02-08,11797.5
2007-02-09,11856
2007-02-12,11737.5
2007-02-13,11637
2007-02-14,11549.5
2007-02-15,11461.5
2007-02-16,11423.5
2007-02-19,11478.5
2007-02-20,11520.5
2007-02-21,11492
2007-02-22,11532
2007-02-23,11575.5
2007-02-26,11501
2007-02-27,11385
2007-02-28,11278
2007-03-01,11194
2007-03-02,11170.5
2007-03-05,11016.5
2007-03-06,10912
2007-03-07,11035
2007-03-08,11215
2007-03-09,11348.5
2007-03-12,11410.5
2007-03-13,11406.5
2007-03-14,11341
2007-03-15,11294
2007-03-16,11342.5
2007-03-19,11257.5
2007-03-20,11236
2007-03-21,11314
2007-03-22,11296
2007-03-26,11298.5
2007-03-27,11315.5
2007-03-28,11281.5
2007-03-29,11228
2007-03-30,11247
2007-04-02,11274.5
2007-04-03,11355
2007-04-04,11424
2007-04-05,11505.5
2007-04-06,11626
2007-04-09,11666.5
2007-04-10,11725.5
2007-04-11,11834.5
2007-04-12,11900.5
2007-04-13,11942
2007-04-16,11991.5
2007-04-17,12004
2007-04-18,12096
2007-04-19,12155
2007-04-20,12106.5
2007-04-23,12054
2007-04-24,12084
2007-04-25,12159
2007-04-26,12187.5
2007-04-27,12222
2007-04-30,12302.5
2007-05-02,12401.5
2007-05-03,12431.5
2007-05-04,12461
2007-05-07,12296
2007-05-08,12206
2007-05-09,12362.5
2007-05-10,12370
2007-05-11,12357.5
2007-05-14,12356
2007-05-15,12357.5
2007-05-16,12315
2007-05-17,12255
2007-05-18,12295.5
2007-05-21,12311.5
2007-05-22,12359.5
2007-05-23,12466
2007-05-24,12579.5
2007-05-25,12697.5
2007-05-28,12781.5
2007-05-29,12824
2007-05-30,12812
2007-05-31,12884
2007-06-01,12947.5
2007-06-04,12945.5
2007-06-05,13062
2007-06-06,13189.5
2007-06-07,13224.5
2007-06-08,13256
2007-06-11,13271.5
2007-06-12,13297
2007-06-13,13401.5
2007-06-14,13470
2007-06-15,13451
2007-06-18,13503
2007-06-19,13531
2007-06-20,13526
2007-06-21,13551.5
2007-06-22,13469.5
2007-06-25,13467
2007-06-26,13556
2007-06-27,13620
2007-06-28,13698.5
2007-06-29,13750.5
2007-07-02,13851.5
2007-07-03,13870
2007-07-04,13839.5
2007-07-05,13905.5
2007-07-06,13964
2007-07-09,14002.5
2007-07-10,13968
2007-07-11,13942
2007-07-12,14049
2007-07-13,14166.5
2007-07-16,14073.5
2007-07-17,13999.5
2007-07-18,13857
2007-07-19,13426.5
2007-07-20,13272.5
2007-07-23,13506
2007-07-24,13606.5
2007-07-25,13574
2007-07-26,13639
2007-07-27,13657
2007-07-30,13632.5
2007-07-31,13686.5
2007-08-01,13714
2007-08-02,13730
2007-08-03,13767
2007-08-06,13637
2007-08-07,13472.5
2007-08-08,13499
2007-08-09,13371.5
2007-08-10,13096
2007-08-13,12881
2007-08-15,12768
2007-08-16,12748
2007-08-17,12703.5
2007-08-20,12695
2007-08-21,12468.5
2007-08-22,12283
2007-08-23,12161.5
2007-08-24,12161.5
2007-08-27,12004
2007-08-28,11998
2007-08-29,12134.5
2007-08-30,12297
2007-08-31,12290
2007-09-03,12223.5
2007-09-04,12313
2007-09-05,12528.5
2007-09-06,12615.5
2007-09-07,12487
2007-09-10,12476.5
2007-09-11,12554
2007-09-12,12673
2007-09-13,12824
2007-09-14,12822
2007-09-17,12786
2007-09-18,12872.5
2007-09-19,13040.5
2007-09-20,13086.5
2007-09-21,13055
2007-09-24,13142.5
2007-09-25,13208.5
2007-09-26,13233.5
2007-09-27,13299
2007-09-28,13340
2007-10-01,13545
2007-10-02,13830
2007-10-03,13984
2007-10-04,14073
2007-10-05,14099.5
2007-10-08,14233
2007-10-09,14426.5
2007-10-11,14475
2007-10-17,14527
2007-10-18,14672.5
2007-10-19,14771.5
2007-10-22,14693.5
2007-10-23,14563
2007-10-24,14394
2007-10-25,14311
2007-10-26,14405.5
2007-10-29,14422
2007-10-30,14211
2007-10-31,14173.5
2007-11-01,14124.5
2007-11-02,13922.5
2007-11-05,13597
2007-11-06,13352.5
2007-11-07,13463.5
2007-11-08,13462.5
2007-11-12,13540
2007-11-13,13638.5
2007-11-14,13468
2007-11-15,13213
2007-11-16,13096.5
2007-11-19,13161
2007-11-20,13277.5
2007-11-21,13412
2007-11-22,13526
2007-11-23,13637.5
2007-11-26,13754
2007-11-27,13786
2007-11-28,13840.5
2007-11-29,13924.5
2007-11-30,13981.5
2007-12-03,13961.5
2007-12-04,13980
2007-12-05,14087
2007-12-06,14231.5
2007-12-07,14399.5
2007-12-10,14523
2007-12-11,14602.5
2007-12-12,14594.5
2007-12-13,14545
2007-12-14,14545.5
2007-12-17,14550.5
2007-12-18,14526
2007-12-19,14583.5
2007-12-24,14725.5
2007-12-26,14803.5
2007-12-27,14793.5
2007-12-31,14424
2008-01-01,13871
2008-01-02,13509.5
2008-01-03,13674.5
2008-01-04,14128
2008-01-07,14211.5
2008-01-08,14241
2008-01-09,14292.5
2008-01-10,14174.5
2008-01-11,13999
2008-01-14,13982
2008-01-15,14052
2008-01-16,13951
2008-01-17,13760.5
2008-01-18,13774.5
2008-01-21,13862.5
2008-01-22,13805
2008-01-23,13773.5
2008-01-24,13753
2008-01-25,13787.5
2008-01-28,13868.5
2008-01-29,13945
2008-01-30,13999.5
2008-01-31,14003.5
2008-02-01,13995.5
2008-02-04,13983
2008-02-06,14005
2008-02-07,14005.5
2008-02-08,13965.5
2008-02-11,13911.5
2008-02-12,13991
2008-02-13,14106.5
2008-02-14,14199.5
2008-02-15,14318.5
2008-02-19,14575.5
2008-02-20,14813.5
2008-02-21,14901
2008-02-22,14976.5
2008-02-25,14964.5
2008-02-26,15002
2008-02-27,15038
2008-02-28,15049
2008-02-29,15006
2008-03-03,14875
2008-03-04,14776
2008-03-05,14847
2008-03-06,15050.5
2008-03-07,15114
2008-03-10,14999
2008-03-11,14928.5
2008-03-12,15057.5
2008-03-13,15123
2008-03-14,15081.5
2008-03-17,15065.5
2008-03-18,14885
2008-03-19,14845.5
2008-03-20,14979
2008-03-24,15088
2008-03-25,15152.5
2008-03-26,15161
2008-03-27,15237
2008-03-28,15271.5
2008-03-31,15196.5
2008-04-01,15167.5
2008-04-02,15271.5
2008-04-03,15339
2008-04-04,15409
2008-04-07,15471.5
2008-04-08,15472
2008-04-09,15439
2008-04-10,15354.5
2008-04-11,15368
2008-04-14,15434.5
2008-04-15,15488.5
2008-04-16,15434.5
2008-04-17,15581
2008-04-18,15649
2008-04-21,15665.5
2008-04-22,15599.5
2008-04-23,15507
2008-04-24,15387.5
2008-04-25,15370
2008-04-28,15457
2008-04-29,15398
2008-04-30,15220
2008-05-02,15040
2008-05-05,14815
2008-05-06,14541
2008-05-07,14432
2008-05-08,14422
2008-05-09,14309
2008-05-12,14258
2008-05-13,14415
2008-05-14,14568
2008-05-15,14536.5
2008-05-16,14356.5
2008-05-19,14077.5
2008-05-20,13912.5
2008-05-21,13939
2008-05-22,13801
2008-05-23,13319.5
2008-05-26,12798.5
2008-05-27,12703.5
2008-05-28,12538.5
2008-05-29,12245
2008-05-30,12183
2008-06-02,12206
2008-06-03,12380.5
2008-06-04,12785
2008-06-05,13072
2008-06-06,13094.5
2008-06-09,13021.5
2008-06-10,12893
2008-06-11,12947
2008-06-12,13021
2008-06-13,12984
2008-06-16,12693
2008-06-17,12471
2008-06-18,12379.5
2008-06-19,12066
2008-06-20,11763
2008-06-23,11408.5
2008-06-24,11642.5
2008-06-25,12276.5
2008-06-26,12441
2008-06-27,12402.5
2008-06-30,9880
2008-07-01,12255.5
2008-07-02,12174
2008-07-03,12080.5
2008-07-04,11998.5
2008-07-07,11920
2008-07-08,11845.5
2008-07-09,11805
2008-07-10,11785
2008-07-11,11734.5
2008-07-14,11436.5
2008-07-15,11068.5
2008-07-16,10726
2008-07-17,10352.5
2008-07-18,10224
2008-07-21,10304.5
2008-07-22,10579.5
2008-07-23,10902
2008-07-24,11088
2008-07-25,11094.5
2008-07-28,10805.5
2008-07-29,10513.5
2008-07-30,10650.5
2008-07-31,10718.5
2008-08-01,10377.5
2008-08-04,10012
2008-08-05,9948
2008-08-06,9861
2008-08-07,9693
2008-08-08,9808
2008-08-11,10040.5
2008-08-12,10068
2008-08-13,9933
2008-08-15,10080.5
2008-08-18,10489.5
2008-08-19,10819.5
2008-08-20,10722.5
2008-08-21,10381.5
2008-08-22,10115.5
2008-08-25,9904
2008-08-25,9904
2008-08-26,9622
2008-08-27,9287.5
2008-08-28,9174.5
2008-08-29,9206
2008-09-01,9209
2008-09-02,9220
2008-09-03,9234.5
2008-09-04,9239
2008-09-05,9290.5
2008-09-08,9319
2008-09-09,9288
2008-09-10,9298
2008-09-11,9289.5
2008-09-12,9258.5
2008-09-15,9243.5
2008-09-16,9228.5
2008-09-17,9220
2008-09-18,9209
2008-09-19,9201.5
2008-09-22,9200.5
2008-09-23,9200
2008-09-24,9195.5
2008-09-25,9187.5
2008-09-29,9183.5
2008-09-30,9181.5
2008-10-06,9179.5
2008-10-07,9180
2008-10-08,9180
2008-10-09,9180
2008-10-10,9181
2008-10-13,9182.5
2008-10-14,9184
2008-10-15,9184
2008-10-16,9184
2008-10-17,9184
2008-10-20,9184.5
2008-10-21,9186
2008-10-22,9185.5
2008-10-23,9183.5
2008-10-24,9183
2008-10-27,9183
2008-10-28,9183
2008-10-29,9183
2008-10-30,9183
2008-10-31,9183
2008-11-03,9183
2008-11-04,9183
2008-11-05,9183
2008-11-06,9183
2008-11-07,9183
2008-11-10,9183
2008-11-11,9183
2008-11-12,9183
2008-11-13,9183.5
2008-11-14,9184
2008-11-17,9184
2008-11-18,9184
2008-11-19,9184
2008-11-20,9184
2008-11-21,9185.5
2008-11-24,9187
2008-11-25,9187
2008-11-26,9187
2008-11-27,9187
2008-11-28,9187
2008-12-01,9187
2008-12-02,9187
2008-12-03,9187
2008-12-04,9187
2008-12-05,9187
2008-12-12,9187
2008-12-15,9002
2008-12-16,8631
2008-12-17,8275.5
2008-12-18,7945.5
2008-12-19,7649.5
2008-12-22,7365.5
2008-12-23,7070.5
2008-12-24,6792
2008-12-26,6574
2008-12-29,6391.5
2008-12-30,6166
2008-12-31,5951
2009-01-01,5809
2009-01-02,5773.5
2009-01-05,5856
2009-01-06,5996.5
2009-01-09,6109.5
2009-01-12,6092.5
2009-01-13,6050
2009-01-14,6055
2009-01-15,5915
2009-01-16,5645.5
2009-01-19,5396.5
2009-01-20,5269.5
2009-01-21,5197
2009-01-22,5078.5
2009-01-23,4975.5
2009-01-26,4872.5
2009-01-27,4894
2009-01-28,5056.5
2009-01-29,5161.5
2009-01-30,5280
2009-02-02,5355.5
2009-02-03,5359.5
2009-02-04,5459.5
2009-02-06,5565.5
2009-02-09,5585
2009-02-10,5514.5
2009-02-11,5442.5
2009-02-12,5414
2009-02-13,5512.5
2009-02-16,5711
2009-02-17,5808.5
2009-02-18,5860
2009-02-19,5951
2009-02-20,5995.5
2009-02-23,5909.5
2009-02-24,5862.5
2009-02-25,5728
2009-02-26,5615
2009-02-27,5688
2009-03-02,5704
2009-03-03,5638.5
2009-03-04,5705.5
2009-03-05,5801.5
2009-03-06,5768
2009-03-09,5705
2009-03-11,5610
2009-03-12,5632.5
2009-03-13,5728.5
2009-03-16,5907
2009-03-17,6101.5
2009-03-18,6202.5
2009-03-19,6353.5
2009-03-20,6390.5
2009-03-24,6478.5
2009-03-25,6645.5
2009-03-26,6641
2009-03-27,6705.5
2009-03-30,6909
2009-03-31,6937.5
2009-04-01,6896
2009-04-02,7061.5
2009-04-03,7312
2009-04-06,7476
2009-04-07,7577.5
2009-04-08,7488
2009-04-09,7318
2009-04-10,7457
2009-04-13,7745
2009-04-14,7852.5
2009-04-15,7820
2009-04-16,7738.5
2009-04-17,7732.5
2009-04-20,7848.5
2009-04-21,7868
2009-04-22,7704
2009-04-23,7455
2009-04-24,7478.5
2009-04-27,7483
2009-04-28,7387.5
2009-04-29,7350.5
2009-04-30,7236.5
2009-05-04,7132
2009-05-05,7072
2009-05-06,7140.5
2009-05-07,7162.5
2009-05-08,7128
2009-05-11,7126.5
2009-05-12,7210
2009-05-13,7270
2009-05-14,7142
2009-05-15,7160
2009-05-18,7175.5
2009-05-19,7120.5
2009-05-20,7064.5
2009-05-21,7015.5
2009-05-22,7058
2009-05-25,7160
2009-05-26,7175.5
2009-05-27,7183
2009-05-28,7238.5
2009-05-29,7282.5
2009-06-01,7243.5
2009-06-02,7167.5
2009-06-03,7057.5
2009-06-04,6934
2009-06-05,6886.5
2009-06-08,6893.5
2009-06-09,6989.5
2009-06-10,7067
2009-06-11,7069.5
2009-06-12,7074
2009-06-15,7004.5
2009-06-16,6913
2009-06-17,6974.5
2009-06-18,7064
2009-06-19,7046
2009-06-22,7048.5
2009-06-23,7040
2009-06-24,7024.5
2009-06-25,7077.5
2009-06-26,7146
2009-06-29,7184.5
2009-06-30,7184
2009-07-01,7216.5
2009-07-02,7384.5
2009-07-03,7484.5
2009-07-06,7504.5
2009-07-07,7543.5
2009-07-08,7512.5
2009-07-09,7453
2009-07-10,7466.5
2009-07-13,7594
2009-07-14,7658.5
2009-07-15,7659
2009-07-16,7700.5
2009-07-17,7739.5
2009-07-20,7737.5
2009-07-21,7746.5
2009-07-22,7792.5
2009-07-23,7833.5
2009-07-24,7823.5
2009-07-27,7747
2009-07-28,7693
2009-07-29,7606
2009-07-30,7514.5
2009-07-31,7606.5
2009-08-03,7719
2009-08-04,7756.5
2009-08-05,7815.5
2009-08-06,7828.5
2009-08-07,7847
2009-08-10,7977
2009-08-11,8063.5
2009-08-12,8051.5
2009-08-13,8034.5
2009-08-17,7972
2009-08-18,7964
2009-08-19,7974
2009-08-20,7963
2009-08-21,8040.5
2009-08-24,8197.5
2009-08-25,8267
2009-08-26,8283.5
2009-08-27,8317.5
2009-08-28,8428
2009-08-31,8608.5
2009-09-01,8722.5
2009-09-02,8824
2009-09-03,8848.5
2009-09-04,8910.5
2009-09-07,8969.5
2009-09-08,8879
2009-09-09,8953.5
2009-09-10,9040.5
2009-09-11,9027.5
2009-09-14,9067
2009-09-15,9052
2009-09-16,9083
2009-09-17,9180
2009-09-18,9330
2009-09-24,9575.5
2009-09-25,9689
2009-09-28,9537
2009-09-29,9442.5
2009-09-30,9412.5
2009-10-01,9325.5
2009-10-02,9378
2009-10-05,9471.5
2009-10-06,9565.5
2009-10-07,9740
2009-10-08,9789
2009-10-09,9755
2009-10-12,9706
2009-10-13,9664.5
2009-10-14,9745.5
2009-10-15,9825.5
2009-10-16,9842
2009-10-19,9624.5
2009-10-20,9490
2009-10-21,9408.5
2009-10-22,9201
2009-10-23,9152.5
2009-10-26,9263
2009-10-27,9345.5
2009-10-28,9284
2009-10-29,9210.5
2009-10-30,9164
2009-11-02,9015.5
2009-11-03,8905.5
2009-11-04,9047
2009-11-05,9133.5
2009-11-06,9024
2009-11-10,8849
2009-11-11,8839
2009-11-12,8920
2009-11-13,8995.5
2009-11-16,9185.5
2009-11-17,9254.5
2009-11-18,9175
2009-11-19,9198
2009-11-20,9278.5
2009-11-23,9264
2009-11-24,9228
2009-11-25,9219.5
2009-11-26,9205.5
2009-12-01,9109.5
2009-12-02,9050.5
2009-12-03,9092
2009-12-04,9052.5
2009-12-07,9001
2009-12-08,8918.5
2009-12-09,8874.5
2009-12-10,8952
2009-12-11,9021
2009-12-14,9161.5
2009-12-15,9273
2009-12-16,9260
2009-12-17,9240.5
2009-12-18,9205.5
2009-12-21,9209
2009-12-22,9283
2009-12-23,9317.5
2009-12-24,9362.5
2009-12-29,9416.5
2009-12-30,9459.5
2009-12-31,9447.5
2010-01-04,9412.5
2010-01-05,9547.5
2010-01-06,9692
2010-01-07,9732
2010-01-08,9756.5
2010-01-11,9786.5
2010-01-12,9787.5
2010-01-13,9781.5
2010-01-14,9793.5
2010-01-15,9862.5
2010-01-18,9909
2010-01-19,9924.5
2010-01-20,9929.5
2010-01-21,9829.5
2010-01-22,9766
2010-01-25,9733.5
2010-01-26,9677.5
2010-01-27,9635
2010-01-28,9592
2010-01-29,9597
2010-02-01,9603
2010-02-02,9593.5
2010-02-03,9611.5
2010-02-04,9699
2010-02-08,9790
2010-02-09,9798
2010-02-10,9759.5
2010-02-11,9768
2010-02-12,9804.5
2010-02-15,9754
2010-02-16,9736
2010-02-17,9818.5
2010-02-18,9878
2010-02-19,9896
2010-02-22,9928
2010-02-23,9888.5
2010-02-24,9755
2010-02-25,9676.5
2010-02-26,9662.5
2010-03-01,9578.5
2010-03-02,9522.5
2010-03-03,9482.5
2010-03-04,9465.5
2010-03-05,9569
2010-03-08,9683
2010-03-09,9763.5
2010-03-10,9786
2010-03-11,9832.5
2010-03-12,9953
2010-03-15,10057.5
2010-03-16,10053.5
2010-03-17,10004
2010-03-18,9999
2010-03-19,10004.5
2010-03-22,9982
2010-03-24,10054.5
2010-03-25,10136.5
2010-03-26,10132.5
2010-03-29,10097.5
2010-03-30,10065.5
2010-03-31,10126
2010-04-01,10212.5
2010-04-02,10332
2010-04-05,10432.5
2010-04-06,10434
2010-04-07,10471.5
2010-04-08,10528.5
2010-04-09,10560.5
2010-04-12,10572
2010-04-13,10531.5
2010-04-14,10538.5
2010-04-15,10624.5
2010-04-16,10668.5
2010-04-19,10664.5
2010-04-20,10656
2010-04-21,10616
2010-04-22,10602.5
2010-04-23,10611
2010-04-26,10581.5
2010-04-27,10581.5
2010-04-28,10537.5
2010-04-29,10487
2010-04-30,10441.5
2010-05-03,10409
2010-05-04,10429
2010-05-05,10515
2010-05-06,10557.5
2010-05-07,10412.5
2010-05-10,10280
2010-05-11,10248.5
2010-05-12,10227
2010-05-13,10251
2010-05-14,10276
2010-05-17,10153
2010-05-18,10058
2010-05-19,10066
2010-05-20,10021.5
2010-05-21,9932
2010-05-24,9779
2010-05-25,9557.5
2010-05-26,9520
2010-05-27,9526
2010-05-28,9480.5
2010-05-31,9423.5
2010-06-01,9310
2010-06-02,9396.5
2010-06-03,9560
2010-06-04,9629
2010-06-07,9714.5
2010-06-08,9777.5
2010-06-09,9720.5
2010-06-10,9529
2010-06-11,9425.5
2010-06-14,9350.5
2010-06-15,9240.5
2010-06-16,9344
2010-06-17,9557
2010-06-18,9661.5
2010-06-21,9648.5
2010-06-22,9666.5
2010-06-23,9698.5
2010-06-24,9753.5
2010-06-25,9794.5
2010-06-28,9734.5
2010-06-29,9687
2010-06-30,9712
2010-07-01,9726.5
2010-07-02,9714.5
2010-07-05,9668
2010-07-06,9606.5
2010-07-07,9682.5
2010-07-08,9825.5
2010-07-09,9917.5
2010-07-12,9976.5
2010-07-13,10047
2010-07-14,10151
2010-07-15,10141.5
2010-07-16,10125
2010-07-19,10178
2010-07-20,10227
2010-07-21,10243
2010-07-22,10231.5
2010-07-23,10262.5
2010-07-26,10297
2010-07-27,10342.5
2010-07-28,10411.5
2010-07-29,10437.5
2010-07-30,10479
2010-08-03,10381.5
2010-08-04,10389.5
2010-08-05,10371
2010-08-06,10333.5
2010-08-09,10170.5
2010-08-10,9959
2010-08-11,9884
2010-08-12,9834.5
2010-08-13,9808
2010-08-16,9680
2010-08-17,9607.5
2010-08-18,9691.5
2010-08-19,9776.5
2010-08-20,9854
2010-08-23,9836
2010-08-24,9724.5
2010-08-25,9595.5
2010-08-26,9569
2010-08-27,9591.5
2010-08-30,9557.5
2010-08-31,9664.5
2010-09-01,9774
2010-09-02,9749
2010-09-03,9733
2010-09-08,9819.5
2010-09-09,9885
2010-09-14,9985
2010-09-15,10069
2010-09-16,10032
2010-09-17,10035
2010-09-20,10058.5
2010-09-21,10028.5
2010-09-22,9969.5
2010-09-23,9906.5
2010-09-24,9888
2010-09-27,9923
2010-09-28,9959
2010-09-29,10001.5
2010-09-30,10017.5
2010-10-04,10043.5
2010-10-05,10035
2010-10-06,10027
2010-10-07,10110.5
2010-10-08,10226.5
2010-10-11,10292
2010-10-12,10307.5
2010-10-13,10341
2010-10-14,10399.5
2010-10-15,10420.5
2010-10-18,10458
2010-10-19,10474.5
2010-10-20,10475.5
2010-10-21,10522.5
2010-10-22,10606
2010-10-25,10678.5
2010-10-26,10681
2010-10-27,10681
2010-10-28,10669.5
2010-10-29,10616.5
2010-10-30,10616.5
2010-11-01,10568
2010-11-03,10578
2010-11-04,10660
2010-11-05,10792
2010-11-08,10937
2010-11-10,10967
2010-11-11,10923.5
2010-11-12,10889.5
2010-11-15,10892
2010-11-16,10938
2010-11-22,11086
2010-11-23,11188.5
2010-11-24,11163
2010-11-25,11145
2010-11-26,11140
2010-11-29,11154
2010-11-30,11199
2010-12-02,11283
2010-12-03,11375.5
2010-12-06,11423.5
2010-12-07,11435.5
2010-12-08,11530.5
2010-12-09,11599.5
2010-12-10,11594.5
2010-12-13,11608.5
2010-12-14,11635
2010-12-15,11729.5
2010-12-20,11815
2010-12-21,11834.5
2010-12-22,11837
2010-12-23,11821
2010-12-24,11825.5
2010-12-27,11884
2010-12-28,11879
2010-12-29,11867
2010-12-30,11959
2010-12-31,12027.5
2011-01-03,11936.5
2011-01-04,11980
2011-01-05,12125.5
2011-01-06,12232.5
2011-01-07,12356.5
2011-01-10,12348
2011-01-11,12287
2011-01-12,12274
2011-01-13,12370
2011-01-14,12496.5
2011-01-17,12608
2011-01-18,12670
2011-01-19,12618
2011-01-20,12495
2011-01-21,12422
2011-01-24,12401.5
2011-01-25,12413.5
2011-01-26,12469.5
2011-01-27,12480
2011-01-28,12470
2011-01-31,12411
2011-02-01,12316
2011-02-02,12257.5
2011-02-03,12300.5
2011-02-04,12387
2011-02-07,12421
2011-02-08,12394
2011-02-09,12330
2011-02-10,12243.5
2011-02-11,12065.5
2011-02-14,11944.5
2011-02-15,12012
2011-02-17,12070
2011-02-18,12051.5
2011-02-21,12003
2011-02-22,11807
2011-02-28,11469
2011-03-01,11448.5
2011-03-02,11653.5
2011-03-03,11730.5
2011-03-04,11881
2011-03-07,11987.5
2011-03-08,11957.5
2011-03-09,12034
2011-03-10,12127
2011-03-11,12085.5
2011-03-14,12045
2011-03-15,11937
2011-03-16,11812
2011-03-18,11732.5
2011-03-21,11491
2011-03-22,11431.5
2011-03-24,11526
2011-03-25,11558
2011-03-28,11567.5
2011-03-29,11647
2011-03-30,11760
2011-03-31,11809.5
2011-04-01,11848
2011-04-04,11879.5
2011-04-05,11887
2011-04-06,11917
2011-04-07,11891
2011-04-08,11877.5
2011-04-11,11887.5
2011-04-12,11832.5
2011-04-13,11765.5
2011-04-14,11694
2011-04-15,11668.5
2011-04-18,11679.5
2011-04-19,11637
2011-04-20,11672
2011-04-21,11834.5
2011-04-22,11939
2011-04-25,11935
2011-04-26,11925
2011-04-27,11940.5
2011-04-29,12002.5
2011-05-02,12047
2011-05-03,11996.5
2011-05-04,11814.5
2011-05-05,11789.5
2011-05-06,11893.5
2011-05-09,11906.5
2011-05-10,11972.5
2011-05-11,12024
2011-05-12,11999
2011-05-13,11964.5
2011-05-17,11916
2011-05-18,11907.5
2011-05-19,11882
2011-05-20,11926
2011-05-23,12002
2011-05-24,12081
2011-05-25,12149.5
2011-05-27,12212
2011-05-30,12211
2011-05-31,12159.5
2011-06-01,12193.5
2011-06-02,12222
2011-06-03,12208.5
2011-06-06,12224.5
2011-06-07,12263.5
2011-06-08,12341
2011-06-09,12348.5
2011-06-10,12354
2011-06-13,12365.5
2011-06-14,12345.5
2011-06-15,12327.5
2011-06-16,12343
2011-06-17,12365
2011-06-20,12263.5
2011-06-21,12246
2011-06-22,12347.5
2011-06-23,12438.5
2011-06-24,12486
2011-06-27,12464.5
2011-06-28,12413.5
2011-06-30,12459.5
2011-07-01,12490
2011-07-04,12522
2011-07-05,12568.5
2011-07-06,12555.5
2011-07-07,12487.5
2011-07-08,12415.5
2011-07-11,12341
2011-07-12,12242
2011-07-13,12227.5
2011-07-14,12265
2011-07-15,12307
2011-07-18,12332.5
2011-07-20,12438.5
2011-07-21,12454
2011-07-22,12476
2011-07-25,12436
2011-07-26,12379.5
2011-07-27,12315
2011-07-28,12182
2011-07-29,12144
2011-08-01,12221.5
2011-08-02,12239.5
2011-08-03,12084
2011-08-04,11894
2011-08-05,11610.5
2011-08-09,11219.5
2011-08-10,11173
2011-08-11,11288
2011-08-12,11263.5
2011-08-15,11214
2011-08-16,11200
2011-08-17,11252
2011-08-18,11199.5
2011-08-19,11004.5
2011-08-23,10868
2011-08-24,10891.5
2011-08-25,10921.5
2011-08-29,10903
2011-08-30,10987.5
2011-09-05,11116.5
2011-09-06,11240.5
2011-09-07,11324.5
2011-09-08,11339
2011-09-09,11317
2011-09-12,11233.5
2011-09-13,11222.5
2011-09-14,11280.5
2011-09-15,11299.5
2011-09-16,11328
2011-09-19,11355.5
2011-09-20,11440
2011-09-21,11687.5
2011-09-22,11771
2011-09-23,11648.5
2011-09-26,11436
2011-09-27,11398
2011-09-28,11578.5
2011-09-29,11634.5
2011-09-30,11702.5
2011-10-03,11735
2011-10-04,11820.5
2011-10-05,11900.5
2011-10-07,11846.5
2011-10-10,11973
2011-10-11,12073.5
2011-10-12,12057
2011-10-13,12012.5
2011-10-14,11977
2011-10-17,11982
2011-10-18,11944
2011-10-19,11776.5
2011-10-20,11663
2011-10-21,11605
2011-10-25,11521
2011-10-26,11452
2011-10-27,11335.5
2011-10-28,11423
2011-10-31,11715.5
2011-11-01,11816
2011-11-02,11754.5
2011-11-03,11777
2011-11-04,11882.5
2011-11-10,11963
2011-11-14,12024
2011-11-15,12001.5
2011-11-16,11993.5
2011-11-17,11953
2011-11-18,11925.5
2011-11-21,11916.5
2011-11-22,11831
2011-11-23,11700.5
2011-11-24,11681.5
2011-11-25,11688.5
2011-11-28,11571
2011-11-29,11500.5
2011-11-30,11520
2011-12-01,11545
2011-12-02,11464.5
2011-12-07,11328
2011-12-08,11338.5
2011-12-09,11429
2011-12-12,11471
2011-12-13,11377.5
2011-12-14,11289.5
2011-12-16,11084
2011-12-19,11055.5
2011-12-20,11210.5
2011-12-21,11303.5
2011-12-22,11287.5
2011-12-23,11303.5
2011-12-26,11305.5
2011-12-27,11310.5
2011-12-28,11332
2011-12-29,11394.5
2011-12-30,11392
2012-01-02,11315
2012-01-03,11342
2012-01-04,11382
2012-01-05,11275
2012-01-06,11156.5
2012-01-09,11082.5
2012-01-10,10986.5
2012-01-11,10932
2012-01-12,10920
2012-01-13,10962
2012-01-16,11064
2012-01-17,11209
2012-01-18,11426.5
2012-01-19,11532
2012-01-20,11645.5
2012-01-23,11906.5
2012-01-24,12014.5
2012-01-25,11970.5
2012-01-26,11917
2012-01-27,11922
2012-01-30,11921.5
2012-01-31,11879
2012-02-01,11903
2012-02-02,11930.5
2012-02-03,11956.5
2012-02-06,12060
2012-02-07,12211
2012-02-08,12274
2012-02-09,12238
2012-02-10,12222.5
2012-02-13,12241
2012-02-14,12256
2012-02-15,12286.5
2012-02-16,12357.5
2012-02-17,12450
2012-02-20,12507
2012-02-21,12531.5
2012-02-22,12574.5
2012-02-23,12560
2012-02-24,12611.5
2012-02-27,12725.5
2012-02-28,12741.5
2012-02-29,12808.5
2012-03-01,12909.5
2012-03-02,13015
2012-03-05,13183.5
2012-03-06,13301
2012-03-07,13284.5
2012-03-08,13258
2012-03-09,13312
2012-03-12,13368
2012-03-13,13333.5
2012-03-14,13322.5
2012-03-15,13406
2012-03-16,13374
2012-03-19,13187.5
2012-03-20,13190.5
2012-03-21,13298
2012-03-22,13283
2012-03-26,13280
2012-03-27,13368.5
2012-03-28,13512.5
2012-03-29,13567
2012-03-30,13660.5
2012-04-02,13712.5
2012-04-03,13677
2012-04-04,13818
2012-04-05,13888.5
2012-04-06,13854
2012-04-09,13870.5
2012-04-10,13884
2012-04-11,13860
2012-04-12,13755.5
2012-04-13,13746.5
2012-04-16,13785
2012-04-17,13767.5
2012-04-18,13851
2012-04-19,13934
2012-04-20,13933.5
2012-04-23,14010
2012-04-24,14108
2012-04-25,14175.5
2012-04-26,14142
2012-04-27,14054.5
2012-04-30,14016.5
2012-05-02,14066.5
2012-05-03,14281.5
2012-05-04,14516
2012-05-07,14615
2012-05-08,14566
2012-05-09,14564
2012-05-10,14517
2012-05-11,14325.5
2012-05-14,14230
2012-05-15,14271.5
2012-05-16,14197.5
2012-05-17,14072
2012-05-18,13960.5
2012-05-21,13867
2012-05-22,14009
2012-05-23,14087.5
2012-05-24,13985
2012-05-25,13931
2012-05-28,13978.5
2012-05-29,14052
2012-05-30,13972
2012-05-31,13829.5
2012-06-01,13832
2012-06-04,13817.5
2012-06-05,13733
2012-06-06,13727
2012-06-07,13731.5
2012-06-08,13638
2012-06-11,13580.5
2012-06-12,13516
2012-06-13,13399.5
2012-06-14,13512.5
2012-06-15,13661
2012-06-18,13710
2012-06-19,13718.5
2012-06-20,13675
2012-06-21,13634
2012-06-22,13666
2012-06-25,13686.5
2012-06-26,13649
2012-06-27,13727.5
2012-06-28,13802
2012-06-29,13803
2012-07-02,13972
2012-07-03,14172
2012-07-04,14189.5
2012-07-05,14174.5
2012-07-06,14240.5
2012-07-09,14345
2012-07-10,14377
2012-07-11,14377.5
2012-07-12,14391.5
2012-07-13,14367
2012-07-16,14358.5
2012-07-17,14415
2012-07-18,14521
2012-07-19,14582.5
2012-07-20,14566.5
2012-07-23,14546
2012-07-24,14519.5
2012-07-25,14538.5
2012-07-26,14559
2012-07-27,14539.5
2012-07-30,14519
2012-07-31,14544.5
2012-08-01,14647
2012-08-02,14724
2012-08-03,14703.5
2012-08-06,14675
2012-08-07,14673
2012-08-08,14708
2012-08-09,14752
2012-08-10,14761
2012-08-13,14837
2012-08-15,14941.5
2012-08-16,14985.5
2012-08-23,15040.5
2012-08-24,15060
2012-08-27,15105.5
2012-08-28,15203.5
2012-08-29,15193
2012-08-30,15202.5
2012-08-31,15323
2012-09-03,15410.5
2012-09-04,15408.5
2012-09-05,15340.5
2012-09-06,15241
2012-09-07,15221.5
2012-09-10,15247
2012-09-11,15227
2012-09-12,15246.5
2012-09-13,15293
2012-09-14,15378.5
2012-09-17,15424.5
2012-09-18,15458
2012-09-19,15553
2012-09-20,15521
2012-09-24,15414.5
2012-09-25,15375
2012-09-26,15386.5
2012-09-27,15378.5
2012-09-28,15401.5
2012-10-01,15502.5
2012-10-02,15604
2012-10-03,15680
2012-10-04,15750.5
2012-10-05,15771.5
2012-10-08,15703
2012-10-09,15670
2012-10-10,15721
2012-10-11,15799.5
2012-10-12,15769.5
2012-10-15,15720.5
2012-10-16,15710.5
2012-10-17,15664.5
2012-10-18,15667
2012-10-19,15736
2012-10-22,15821
2012-10-23,15851.5
2012-10-24,15860
2012-10-25,15839.5
2012-10-30,15804.5
2012-10-31,15853
2012-11-01,15936
2012-11-02,16032
2012-11-05,16129
2012-11-06,16103.5
2012-11-07,16134.5
2012-11-08,16230.5
2012-11-12,16228.5
2012-11-13,16172
2012-11-14,16125.5
2012-11-15,16132
2012-11-16,16170.5
2012-11-19,16224.5
2012-11-20,16251.5
2012-11-21,16242.5
2012-11-22,16242
2012-11-23,16244.5
2012-11-26,16254.5
2012-11-27,16318
2012-11-28,16394.5
2012-11-29,16475.5
2012-11-30,16550.5
2012-12-03,16556
2012-12-04,16594
2012-12-05,16663
2012-12-06,16750.5
2012-12-07,16816.5
2012-12-10,16798
2012-12-11,16745
2012-12-12,16723.5
2012-12-13,16776
2012-12-14,16826
2012-12-17,16823
2012-12-18,16830
2012-12-19,16864.5
2012-12-20,16889
2012-12-21,16886.5
2012-12-24,16878.5
2012-12-26,16909.5
2012-12-27,16909.5
2012-12-28,16917.5
2012-12-31,16924
2013-01-01,16850
2013-01-02,16642.5
2013-01-03,16539.5
2013-01-04,16619
2013-01-07,16576
2013-01-08,16574.5
2013-01-09,16694
2013-01-10,16636
2013-01-11,16582.5
2013-01-14,16634
2013-01-15,16370.5
2013-01-16,16145
2013-01-17,16236.5
2013-01-18,16446.5
2013-01-21,16621.5
2013-01-22,16767.5
2013-01-23,16901.5
2013-01-24,16982.5
2013-01-28,17030.5
2013-01-29,17088.5
2013-01-30,17188.5
2013-01-31,17224
2013-02-01,17254.5
2013-02-04,17277
2013-02-06,17348.5
2013-02-07,17396
2013-02-08,17430.5
2013-02-11,17513.5
2013-02-12,17580
2013-02-13,17653.5
2013-02-14,17731
2013-02-15,17781.5
2013-02-18,17831.5
2013-02-19,17842
2013-02-20,17882.5
2013-02-21,17934
2013-02-22,17997.5
2013-02-25,18047.5
2013-02-26,17958
2013-02-27,17988
2013-02-28,18127.5
2013-03-01,18179.5
2013-03-04,18156
2013-03-05,18090
2013-03-06,18026.5
2013-03-07,17996.5
2013-03-08,17978.5
2013-03-11,17743.5
2013-03-12,17698
2013-03-13,17816.5
2013-03-14,17750.5
2013-03-15,17703
2013-03-18,17578.5
2013-03-19,17592.5
2013-03-20,17723.5
2013-03-21,17834
2013-03-22,17938.5
2013-03-25,17962.5
2013-03-26,17917
2013-03-27,17885
2013-03-28,17937
2013-03-29,17995.5
2013-04-01,18157.5
2013-04-02,18309
2013-04-03,18461
2013-04-04,18594.5
2013-04-05,18624.5
2013-04-08,18644.5
2013-04-09,18683.5
2013-04-10,18718.5
2013-04-11,18744
2013-04-12,18739.5
2013-04-15,18619.5
2013-04-16,18443.5
2013-04-17,18378
2013-04-18,18504
2013-04-19,18622.5
2013-04-22,18618.5
2013-04-23,18626.5
2013-04-24,18713.5
2013-04-25,18833
2013-04-26,18902
2013-04-29,18870.5
2013-04-30,18902.5
2013-05-02,19008.5
2013-05-03,19131
2013-05-06,19242
2013-05-07,19260
2013-05-08,19368
2013-05-09,19567.5
2013-05-10,19789
2013-05-13,20080.5
2013-05-14,20360
2013-05-15,20521
2013-05-16,20492
2013-05-17,20477
2013-05-20,20675.5
2013-05-21,20991
2013-05-22,21313.5
2013-05-23,21401
2013-05-24,21313.5
2013-05-27,21121.5
2013-05-28,21230.5
2013-05-29,21471.5
2013-05-30,21516
2013-05-31,21707
2013-06-03,21952
2013-06-04,22178
2013-06-05,22183.5
2013-06-06,22184.5
2013-06-07,22318
2013-06-10,22255
2013-06-11,22180
2013-06-12,22267
2013-06-13,22541.5
2013-06-14,22650
2013-06-17,22379.5
2013-06-18,22068.5
2013-06-19,22028
2013-06-20,22075.5
2013-06-21,21856.5
2013-06-24,21373
2013-06-25,21079
2013-06-26,21056.5
2013-06-27,21009
2013-06-28,21010.5
2013-07-01,21184.5
2013-07-02,21503.5
2013-07-03,21723.5
2013-07-04,21885
2013-07-05,22072.5
2013-07-08,22272
2013-07-09,22543.5
2013-07-10,22853
2013-07-11,22866
2013-07-12,22892
2013-07-15,23104.5
2013-07-16,23166.5
2013-07-17,23078
2013-07-18,23055
2013-07-19,23272
2013-07-22,23543.5
2013-07-23,23670.5
2013-07-24,23729.5
2013-07-25,23675
2013-07-26,23535.5
2013-07-29,23406
2013-07-30,23300
2013-07-31,23299
2013-08-01,23202.5
2013-08-05,22896.5
2013-08-06,22661.5
2013-08-07,22929.5
2013-08-12,23337.5
2013-08-13,23525.5
2013-08-15,23650.5
2013-08-16,23680.5
2013-08-19,23636.5
2013-08-20,23543.5
2013-08-21,23251
2013-08-22,22864.5
2013-08-23,22714.5
2013-08-26,22818.5
2013-08-27,22723
2013-08-28,22380
2013-08-29,22225.5
2013-08-30,22188
2013-09-02,21943
2013-09-03,21767
2013-09-04,21842.5
2013-09-05,22164
2013-09-06,22609
2013-09-09,22802.5
2013-09-10,22915.5
2013-09-11,23112
2013-09-12,23227
2013-09-13,23195
2013-09-16,23205.5
2013-09-17,23155
2013-09-18,22998.5
2013-09-19,23193.5
2013-09-20,23526.5
2013-09-23,23618
2013-09-24,23364.5
2013-09-25,23075
2013-09-26,22921
2013-09-27,22584
2013-09-30,22110
2013-10-01,21906.5
2013-10-02,22085
2013-10-03,22171
2013-10-04,22119
2013-10-07,21975.5
2013-10-08,21973
2013-10-09,21869
2013-10-10,21666
2013-10-11,21725
2013-10-14,21687.5
2013-10-21,21677.5
2013-10-22,21992.5
2013-10-23,22288.5
2013-10-24,22354
2013-10-25,22403.5
2013-10-28,22399.5
2013-10-29,22315
2013-10-30,22294
2013-10-31,22543.5
2013-11-01,22712.5
2013-11-04,22513.5
2013-11-05,22584.5
2013-11-06,22978
2013-11-07,23192.5
2013-11-08,23293.5
2013-11-11,23374
2013-11-12,23342
2013-11-13,23295
2013-11-18,23449
2013-11-19,23715
2013-11-20,23810
2013-11-21,23792.5
2013-11-22,23816
2013-11-25,23913
2013-11-26,23888.5
2013-11-27,23783.5
2013-11-28,23974.5
2013-11-29,24241.5
2013-12-02,24352
2013-12-03,24495.5
2013-12-04,24517
2013-12-05,24623
2013-12-06,24836
2013-12-09,24935
2013-12-10,24939
2013-12-11,24926
2013-12-12,25022.5
2013-12-13,25164.5
2013-12-16,25277.5
2013-12-17,25324
2013-12-18,25437.5
2013-12-19,25499
2013-12-20,25526
2013-12-23,25498.5
2013-12-24,25392.5
2013-12-26,25368.5
2013-12-27,25314
2013-12-30,25271
2013-12-31,25272.5
2014-01-01,25435
2014-01-02,25785.5
2014-01-03,26004.5
2014-01-06,26108.5
2014-01-07,26215
2014-01-08,26300.5
2014-01-09,26357
2014-01-10,26430.5
2014-01-13,26539.5
2014-01-15,26676.5
2014-01-16,26746
2014-01-17,26822
2014-01-20,26957.5
2014-01-21,27053
2014-01-22,27060
2014-01-23,27039.5
2014-01-24,27033.5
2014-01-27,26837
2014-01-28,26662.5
2014-01-29,26625
2014-01-30,26602
2014-01-31,26696
2014-02-03,26865
2014-02-04,26848.5
2014-02-06,26807
2014-02-07,26772.5
2014-02-10,26468.5
2014-02-11,26247.5
2014-02-12,26458.5
2014-02-13,26609
2014-02-14,26467.5
2014-02-17,26199
2014-02-18,25944
2014-02-19,25785.5
2014-02-20,25597
2014-02-21,25555
2014-02-24,25688.5
2014-02-25,25667
2014-02-26,25530.5
2014-02-27,25490
2014-02-28,25631
2014-03-03,25818.5
2014-03-04,26031.5
2014-03-05,26365.5
2014-03-06,26682.5
2014-03-07,26867.5
2014-03-10,27034
2014-03-11,27242.5
2014-03-12,27212
2014-03-13,27099
2014-03-14,27104
2014-03-17,27177
2014-03-18,27238
2014-03-19,27253
2014-03-20,27204
2014-03-21,26957.5
2014-03-24,26578.5
2014-03-25,26530.5
2014-03-26,26746
2014-03-27,26994
2014-03-28,27141
2014-03-31,27138
2014-04-01,27363
2014-04-02,27749
2014-04-03,28134
2014-04-04,28372
2014-04-07,28493.5
2014-04-08,28616
2014-04-09,28797
2014-04-10,29096
2014-04-11,29250
2014-04-14,29171.5
2014-04-15,29095
2014-04-16,29277
2014-04-17,29404
2014-04-18,29210
2014-04-21,28974.5
2014-04-22,29035.5
2014-04-23,28954.5
2014-04-24,28752
2014-04-25,28818.5
2014-04-28,28771
2014-04-29,28564.5
2014-04-30,28675
2014-05-02,28917
2014-05-05,28775.5
2014-05-06,28506.5
2014-05-07,28356.5
2014-05-08,28420.5
2014-05-09,28503
2014-05-12,28419.5
2014-05-13,28378
2014-05-14,28470
2014-05-15,28685.5
2014-05-16,28863
2014-05-19,28917
2014-05-20,28897
2014-05-21,28801.5
2014-05-22,28751
2014-05-23,28749
2014-05-26,28888.5
2014-05-27,29034.5
2014-05-28,29017.5
2014-05-29,29265.5
2014-05-30,29641
2014-06-02,29764
2014-06-03,29647.5
2014-06-04,29478.5
2014-06-05,29434.5
2014-06-06,29463
2014-06-09,29491
2014-06-10,29507
2014-06-11,29662
2014-06-12,29774.5
2014-06-13,29748.5
2014-06-16,29691
2014-06-17,29488
2014-06-18,29241.5
2014-06-19,28916
2014-06-20,28683
2014-06-23,28845.5
2014-06-24,29028
2014-06-25,29019
2014-06-26,29085
2014-06-27,29266.5
2014-06-30,29498.5
2014-07-01,29677.5
2014-07-02,29689.5
2014-07-03,29687.5
2014-07-04,29659
2014-07-07,29574.5
2014-07-08,29513.5
2014-07-09,29487.5
2014-07-10,29415
2014-07-11,29335.5
2014-07-14,29511.5
2014-07-15,29694.5
2014-07-16,29730
2014-07-17,29976.5
2014-07-18,30201
2014-07-21,30319
2014-07-22,30407.5
2014-07-23,30433.5
2014-07-24,30470
2014-07-28,30394.5
2014-08-04,29981
2014-08-05,29662
2014-08-06,29529.5
2014-08-07,29460
2014-08-08,29459
2014-08-11,28726
2014-08-12,28188
2014-08-13,28405.5
2014-08-15,28712
2014-08-18,28885
2014-08-19,28741
2014-08-20,28647.5
2014-08-21,28765
2014-08-22,28868.5
2014-08-25,28695.5
2014-08-26,28381.5
2014-08-27,28027.5
2014-08-28,27792.5
2014-08-29,28171
2014-09-01,28531
2014-09-02,28877
2014-09-03,29428
2014-09-04,29600
2014-09-05,29559
2014-09-08,29550
2014-09-09,29657.5
2014-09-10,29710
2014-09-11,29774.5
2014-09-12,29951.5
2014-09-15,30057.5
2014-09-16,30125
2014-09-17,30158.5
2014-09-18,30115.5
2014-09-19,30055
2014-09-22,30005
2014-09-23,30069
2014-09-24,30120
2014-09-25,30018
2014-09-26,29823
2014-09-29,29544.5
2014-09-30,29554.5
2014-10-01,29861.5
2014-10-02,30034.5
2014-10-03,30087.5
2014-10-09,30041
2014-10-10,30069
2014-10-13,30276.5
2014-10-14,30374.5
2014-10-15,30238
2014-10-16,30051.5
2014-10-17,29932.5
2014-10-20,29797
2014-10-21,29702.5
2014-10-22,29817
2014-10-23,29982.5
2014-10-24,30062
2014-10-27,30169
2014-10-28,30232.5
2014-10-29,30169.5
2014-10-30,30158.5
2014-10-31,30290.5
2014-11-05,30485
2014-11-06,30628.5
2014-11-07,30797
2014-11-10,31106
2014-11-11,31293
2014-11-12,31466.5
2014-11-13,31535.5
2014-11-14,31393
2014-11-17,31523.5
2014-11-18,31854.5
2014-11-19,31881
2014-11-20,31497.5
2014-11-21,31367
2014-11-24,31406
2014-11-25,31270.5
2014-11-26,31339.5
2014-11-27,31362.5
2014-11-28,31234
2014-12-01,31249
2014-12-02,31490.5
2014-12-03,31777
2014-12-04,31982
2014-12-05,32120
2014-12-08,32079.5
2014-12-09,32047
2014-12-10,31933
2014-12-11,31781
2014-12-12,31685
2014-12-15,31640
2014-12-16,31283
2014-12-17,30771.5
2014-12-18,30747
2014-12-19,30919
2014-12-22,31251.5
2014-12-23,31621
2014-12-24,31875
2014-12-26,31996.5
2014-12-29,31950
2014-12-30,31930.5
2014-12-31,32042.5
2015-01-01,32305.5
2015-01-02,32606
2015-01-05,32745
2015-01-06,32713.5
2015-01-07,32825.5
2015-01-08,32609
2015-01-09,33221.5
2015-01-12,33371.5
2015-01-13,33394.5
2015-01-14,33478.5
2015-01-15,33676
2015-01-16,33776
2015-01-19,33900
2015-01-20,34067.5
2015-01-21,34225.5
2015-01-22,34238.5
2015-01-23,34087
2015-01-26,34247
2015-01-27,34502.5
2015-01-28,34462.5
2015-01-29,34398
2015-01-30,34426.5
2015-02-02,34560
2015-02-03,34751.5
2015-02-04,34749.5
2015-02-06,34664.5
2015-02-09,34613.5
2015-02-10,34501.5
2015-02-11,34318.5
2015-02-12,33995
2015-02-13,33864.5
2015-02-16,33869.5
2015-02-17,33798.5
2015-02-18,33760
2015-02-19,33830.5
2015-02-20,33967.5
2015-02-23,33960
2015-02-24,33911.5
2015-02-25,33870.5
2015-02-26,33804
2015-02-27,33697.5
2015-03-02,33423
2015-03-03,33201.5
2015-03-04,33216
2015-03-05,33306
2015-03-06,33316.5
2015-03-09,33062.5
2015-03-10,32714
2015-03-11,32553.5
2015-03-12,32561.5
2015-03-13,32756
2015-03-16,32692
2015-03-17,32398.5
2015-03-18,31933.5
2015-03-19,31488.5
2015-03-20,31626
2015-03-24,31555.5
2015-03-25,32839.5
2015-03-26,30883
2015-03-27,30318.5
2015-03-30,29442.5
2015-03-31,29580.5
2015-04-01,30419.5
2015-04-02,30868.5
2015-04-03,31273
2015-04-06,31583
2015-04-07,31676.5
2015-04-08,31744
2015-04-09,31950.5
2015-04-10,32182.5
2015-04-13,32299.5
2015-04-14,33707
2015-04-15,32179.5
2015-04-16,32492.5
2015-04-17,32985.5
2015-04-20,33270
2015-04-21,33170.5
2015-04-22,33263.5
2015-04-23,33474
2015-04-24,33616
2015-04-27,33809.5
2015-04-28,33710
2015-04-29,33518
2015-04-30,33595
2015-05-04,33727
2015-05-05,33629
2015-05-06,33686.5
2015-05-07,33791
2015-05-08,33636.5
2015-05-11,33018
2015-05-12,32765
2015-05-13,32969.5
2015-05-14,33009.5
2015-05-15,33071.5
2015-05-18,32962.5
2015-05-19,32808
2015-05-20,32664.5
2015-05-21,32608.5
2015-05-22,32612
2015-05-25,32656.5
2015-05-26,32608.5
2015-05-27,32676.5
2015-05-28,32803.5
2015-05-29,32910.5
2015-06-01,33310
2015-06-02,33729
2015-06-03,33902
2015-06-04,33997.5
2015-06-05,34049.5
2015-06-08,34082
2015-06-09,34210.5
2015-06-10,34297
2015-06-11,34459.5
2015-06-12,34623
2015-06-15,34680.5
2015-06-16,34613
2015-06-17,34499
2015-06-18,34578.5
2015-06-19,34601
2015-06-22,34402.5
2015-06-23,34206
2015-06-24,34233
2015-06-25,34205
2015-06-26,33981.5
2015-06-29,33989.5
2015-06-30,34246.5
2015-07-01,34621.5
2015-07-02,35015.5
2015-07-03,35321.5
2015-07-06,35479
2015-07-07,35520
2015-07-08,35433.5
2015-07-09,35238
2015-07-10,35129.5
2015-07-13,35304.5
2015-07-14,35472
2015-07-15,35573.5
2015-07-16,35794
2015-07-22,35972.5
2015-07-23,35996
2015-07-24,35875
2015-07-27,35495.5
2015-07-28,35225.5
2015-07-29,35476
2015-07-30,35703.5
2015-07-31,35736
2015-08-03,35783.5
2015-08-04,35873.5
2015-08-05,36039.5
2015-08-06,36193
2015-08-07,36226
2015-08-10,36154
2015-08-11,36145.5
2015-08-12,36049.5
2015-08-13,35915
2015-08-17,35762.5
2015-08-18,35567
2015-08-19,35504
2015-08-20,35341
2015-08-21,34870
2015-08-24,33810
2015-08-25,33449.5
2015-08-26,33668
2015-08-27,33749
2015-08-28,34204.5
2015-08-31,34587.5
2015-09-01,34591.5
2015-09-02,34383
2015-09-03,34353.5
2015-09-04,34144
2015-09-07,33418
2015-09-08,33209.5
2015-09-09,33652
2015-09-10,33811
2015-09-11,33732.5
2015-09-14,33529
2015-09-15,33288.5
2015-09-16,33269
2015-09-17,33249
2015-09-18,32956.5
2015-09-21,32793.5
2015-09-22,32854
2015-09-23,32852.5
2015-09-28,32756.5
2015-09-29,32452.5
2015-09-30,32251
2015-10-01,32518.5
2015-10-02,32860
2015-10-05,32877.5
2015-10-06,32994
2015-10-07,33289.5
2015-10-08,33422.5
2015-10-09,33656
2015-10-12,34013.5
2015-10-13,34108
2015-10-14,34003.5
2015-10-15,33948.5
2015-10-16,33938.5
2015-10-19,33961
2015-10-20,33938.5
2015-10-21,33927
2015-10-22,33944.5
2015-10-26,33903
2015-10-27,33852.5
2015-10-28,33952.5
2015-10-29,34196.5
2015-10-30,34297
2015-11-02,34244
2015-11-03,34251
2015-11-04,34399.5
2015-11-05,34489
2015-11-06,34441
2015-11-09,34382
2015-11-10,34147.5
2015-11-11,33946
2015-11-12,34099.5
2015-11-13,34205
2015-11-16,34045.5
2015-11-17,34006
2015-11-18,34007.5
2015-11-19,33928.5
2015-11-20,33882.5
2015-11-23,33795
2015-11-24,33652.5
2015-11-25,33386
2015-11-26,33139.5
2015-11-27,33019.5
2015-11-30,32607.5
2015-12-01,31982
2015-12-02,32051
2015-12-03,32479
2015-12-04,32636.5
2015-12-07,32781
2015-12-08,32823
2015-12-09,32906
2015-12-10,33116
2015-12-11,33130.5
2015-12-14,32903.5
2015-12-15,32612.5
2015-12-16,32591
2015-12-17,32912.5
2015-12-18,32943.5
2015-12-21,32718
2015-12-22,32650
2015-12-23,32571
2015-12-28,32587.5
2015-12-29,32743
2015-12-30,32818.5
2015-12-31,32820.5
2016-01-01,33022.5
2016-01-04,33119
2016-01-05,32996.5
2016-01-06,32976
2016-01-07,32825.5
2016-01-08,32609
2016-01-11,32427.5
2016-01-12,32293
2016-01-13,32210
2016-01-14,31797.5
2016-01-15,31221.5
2016-01-18,30815
2016-01-19,30860.5
2016-01-20,30929.5
2016-01-21,30759
2016-01-22,30850.5
2016-01-25,31007
2016-01-26,31069.5
2016-01-27,31087.5
2016-01-28,31147.5
2016-01-29,31246.5
2016-02-01,31588.5
2016-02-02,31919.5
2016-02-03,32022.5
2016-02-04,32281.5
2016-02-08,32592.5
2016-02-09,32575
2016-02-10,32294.5
2016-02-11,31983
2016-02-12,31642.5
2016-02-15,31696
2016-02-16,31800.5
2016-02-17,31571.5
2016-02-18,31376
2016-02-19,31147
2016-02-22,30845
2016-02-23,30621.5
2016-02-24,30676
2016-02-25,30795
2016-02-26,31048.5
2016-02-29,31332
2016-03-01,31439.5
2016-03-02,31641
2016-03-03,31960
2016-03-04,32294.5
2016-03-07,32732.5
2016-03-08,33028
2016-03-09,32995.5
2016-03-10,32834.5
2016-03-11,32690
2016-03-14,32704
2016-03-15,32681
2016-03-16,32757
2016-03-17,32924.5
2016-03-18,33019
2016-03-21,33051.5
2016-03-22,32975.5
2016-03-24,32865
2016-03-25,32839.5
2016-03-28,32890.5
2016-03-29,32892
2016-03-30,32901
2016-03-31,33030.5
2016-04-01,33294.5
2016-04-04,33629
2016-04-05,33787.5
2016-04-06,33856.5
2016-04-07,33921
2016-04-08,33932
2016-04-11,33767
2016-04-12,33591.5
2016-04-13,33631.5
2016-04-14,33707
2016-04-15,33767.5
2016-04-18,33763.5
2016-04-19,33745
2016-04-20,33675
2016-04-21,33596
2016-04-22,33656
2016-04-25,33712.5
2016-04-26,33766.5
2016-04-27,34058.5
2016-04-28,34386.5
2016-04-29,34611.5
2016-05-02,34643.5
2016-05-03,34732.5
2016-05-04,35107.5
2016-05-05,35630
2016-05-06,35958
2016-05-09,36104.5
2016-05-10,36250
2016-05-11,36265.5
2016-05-12,36157.5
2016-05-13,36086
2016-05-16,36124
2016-05-17,36131
2016-05-18,36227.5
2016-05-19,36501.5
2016-05-20,36689.5
2016-05-23,36708.5
2016-05-24,36652.5
2016-05-25,36540.5
2016-05-26,36520
2016-05-27,36617.5
2016-05-30,36464.5
2016-05-31,36148.5
2016-06-01,36279
2016-06-02,36667.5
2016-06-03,37031
2016-06-06,37287.5
2016-06-07,37372
2016-06-08,37409
2016-06-09,37420
2016-06-10,37177.5
2016-06-13,36960.5
2016-06-14,37249
2016-06-15,38039
2016-06-16,38656
2016-06-17,38764.5
2016-06-20,38623.5
2016-06-21,38442.5
2016-06-22,38282
2016-06-23,38193.5
2016-06-24,37814
2016-06-27,37215
2016-06-28,37058.5
2016-06-29,37432
2016-06-30,37785.5
2016-07-04,37875.5
2016-07-11,38167.5
2016-07-12,38700
2016-07-13,39041
2016-07-14,39153.5
2016-07-15,39223
2016-07-18,39221
2016-07-19,39231
2016-07-20,39154
2016-07-21,39203
2016-07-22,39229.5
2016-07-25,39084.5
2016-07-26,39082
2016-07-27,39291
2016-07-28,39452
2016-07-29,39499
2016-08-01,39665
2016-08-02,39794
2016-08-03,39701.5
2016-08-04,39531.5
2016-08-05,39418.5
2016-08-08,39433
2016-08-09,39570
2016-08-10,39735
2016-08-11,39834
2016-08-12,39885
2016-08-15,39969.5
2016-08-16,40040.5
2016-08-17,40054
2016-08-18,39914.5
2016-08-19,39635
2016-08-22,39478.5
2016-08-23,39429
2016-08-24,39453.5
2016-08-25,39649.5
2016-08-26,39859.5
2016-08-29,39975
2016-08-30,40007.5
2016-08-31,39901
2016-09-01,39774.5
2016-09-02,39602
2016-09-05,39371.5
2016-09-06,39483.5
2016-09-07,39887
2016-09-08,40111
2016-09-09,40238.5
2016-09-15,40273
2016-09-16,40290
2016-09-19,40389.5
2016-09-20,40378
2016-09-21,40056
2016-09-22,39953
2016-09-23,39958.5
2016-09-26,40001.5
2016-09-27,40257.5
2016-09-28,40324.5
2016-09-29,40325.5
2016-09-30,40419
2016-10-03,40764
2016-10-04,41055
2016-10-05,41189
2016-10-06,41253
2016-10-07,41226.5
2016-10-10,41302.5
2016-10-13,41408
2016-10-14,41438
2016-10-17,41373.5
2016-10-18,41118.5
2016-10-19,40939
2016-10-20,41235
2016-10-21,41418.5
2016-10-24,41071.5
2016-10-25,40808.5
2016-10-26,40646
2016-10-27,40257
2016-10-28,39930
2016-10-31,39883.5
2016-11-01,40597
2016-11-02,41521.5
2016-11-03,41859
2016-11-04,41908.5
2016-11-07,41988
2016-11-08,42124
2016-11-09,42159
2016-11-10,42454
2016-11-11,42776.5
2016-11-14,42687.5
2016-11-15,42409.5
2016-11-16,42349
2016-11-17,42408.5
2016-11-18,42368.5
2016-11-21,42382
2016-11-22,42535.5
2016-11-23,42766.5
2016-11-24,42925.5
2016-11-25,42975
2016-11-28,43030.5
2016-11-29,42936
2016-11-30,42716.5
2016-12-01,42764.5
2016-12-02,43089
2016-12-05,43505.5
2016-12-06,43969.5
2016-12-07,44347
2016-12-08,44618.5
2016-12-09,45064.5
2016-12-13,45622.5
2016-12-14,46021.5
2016-12-15,46271.5
2016-12-16,46471.5
2016-12-19,46762
2016-12-20,47074.5
2016-12-21,47101.5
2016-12-22,46846.5
2016-12-23,46667
2016-12-26,46662
2016-12-27,46805.5
2016-12-28,47173
2016-12-29,47546
2016-12-30,47737
2017-01-02,48023.5
2017-01-03,48534
2017-01-04,48766.5
2017-01-05,48709.5
2017-01-06,48876
2017-01-09,49038.5
2017-01-10,48952.5
2017-01-11,49119
2017-01-12,49444.5
2017-01-13,49364
2017-01-16,49050
2017-01-17,48784
2017-01-18,48660.5
2017-01-19,48828
2017-01-20,49189.5
2017-01-23,49620.5
2017-01-24,49922.5
2017-01-25,49863
2017-01-26,49974.5
2017-01-27,50078
2017-01-30,49468
2017-01-31,48865
2017-02-01,49107
2017-02-02,49561
2017-02-03,49611
2017-02-06,49593
2017-02-07,49744.5
2017-02-08,49867
2017-02-09,49891.5
2017-02-10,49916.5
2017-02-13,49945.5
2017-02-14,49867
2017-02-15,49491
2017-02-16,49401
2017-02-17,49482
2017-02-20,49152.5
2017-02-21,48972
2017-02-22,48998.5
2017-02-23,49022
2017-02-24,49035
2017-02-27,48764.5
2017-02-28,48527.5
2017-03-01,48763
2017-03-02,49344
2017-03-03,49660
2017-03-06,49529.5
2017-03-07,49444
2017-03-08,49604
2017-03-09,49573.5
2017-03-10,49292
2017-03-13,48924
2017-03-14,48597.5
2017-03-15,48422.5
2017-03-16,48298
2017-03-17,48349.5
2017-03-20,48553.5
2017-03-21,48859
2017-03-22,49018.5
2017-03-24,48994
2017-03-27,48825.5
2017-03-28,48601.5
2017-03-29,48449.5
2017-03-30,48162.5
2017-03-31,48052.5
2017-04-03,48192
2017-04-04,48158
2017-04-05,47832.5
2017-04-06,47467
2017-04-07,47623
2017-04-10,47916
2017-04-11,48096.5
2017-04-12,48353.5
2017-04-13,48204
2017-04-14,47764
2017-04-17,47351
2017-04-18,46999.5
2017-04-19,47239
2017-04-20,48174
2017-04-21,49226.5
2017-04-24,49910.5
2017-04-25,49948.5
2017-04-26,49806.5
2017-04-27,49655
2017-04-28,49391.5
2017-05-02,48995
2017-05-03,48647
2017-05-04,48944.5
2017-05-05,49567.5
2017-05-08,50393.5
2017-05-09,51004.5
2017-05-10,51088.5
2017-05-11,51265
2017-05-12,51588.5
2017-05-15,52069.5
2017-05-16,52100.5
2017-05-17,51662
2017-05-18,51234
2017-05-19,50849.5
2017-05-22,51058
2017-05-23,51760.5
2017-05-24,52512
2017-05-25,52873
2017-05-26,52753
2017-05-29,52388
2017-05-30,51796
2017-05-31,51022.5
2017-06-01,49686.5
2017-06-02,48668
2017-06-05,49338
2017-06-06,50133
2017-06-07,50154
2017-06-08,50060.5
2017-06-09,49742.5
2017-06-12,48599.5
2017-06-13,47871.5
2017-06-14,47840
2017-06-15,47526
2017-06-16,47151
2017-06-19,46726
2017-06-20,45753.5
2017-06-21,45194.5
2017-06-22,45903.5
2017-06-29,46522
2017-06-30,46638.5
2017-07-03,45615
2017-07-04,45029.5
2017-07-05,45403.5
2017-07-06,45118
2017-07-07,45022.5
2017-07-10,45748
2017-07-11,45197.5
2017-07-12,43956.5
2017-07-13,43788
2017-07-14,44060.5
2017-07-17,44430
2017-07-18,45079.5
2017-07-19,45527.5
2017-07-20,45239.5
2017-07-21,45177
2017-07-24,45411.5
2017-07-25,45723.5
2017-07-26,45913
2017-07-27,45907
2017-07-28,45909
2017-07-31,45961
2017-08-01,46271.5
2017-08-02,46741
2017-08-03,47016.5
2017-08-04,46980.5
2017-08-07,46671.5
2017-08-08,46223
2017-08-09,45989.5
2017-08-10,45816.5
2017-08-11,45461.5
2017-08-15,44594
2017-08-16,44043
2017-08-17,43661.5
2017-08-18,43107
2017-08-21,42615.5
2017-08-22,42068
2017-08-23,42447
2017-08-24,42590
2017-08-25,42455.5
2017-08-28,42308
2017-08-29,41603.5
2017-08-30,41278.5
2017-08-31,41265.5
2017-09-05,41493
2017-09-06,41584.5
2017-09-07,41174.5
2017-09-08,41180
2017-09-11,41264
2017-09-12,41203
2017-09-13,41794.5
2017-09-14,42497
2017-09-15,42735.5
2017-09-18,42814
2017-09-19,43047
2017-09-20,43300
2017-09-21,43061
2017-09-22,42762.5
2017-09-25,42747
2017-09-26,42705
2017-09-27,42478
2017-09-28,42326.5
2017-09-29,42386
2017-10-02,42214
2017-10-03,41567.5
2017-10-04,40788.5
2017-10-05,40465
2017-10-06,40891
2017-10-09,41206.5
2017-10-10,40855.5
2017-10-11,40557.5
2017-10-12,40371
2017-10-13,40042.5
2017-10-16,40319
2017-10-17,40758
2017-10-18,40729
2017-10-19,41145.5
2017-10-20,41823
2017-10-23,41786
2017-10-24,41388
2017-10-25,41443.5
2017-10-26,41502.5
2017-10-27,41257.5
2017-10-30,40714.5
2017-10-31,39970.5
2017-11-01,40035.5
2017-11-02,40476.5
2017-11-03,40781.5
2017-11-06,41047.5
2017-11-07,41040
2017-11-08,41154
2017-11-09,41524.5
2017-11-10,41613
2017-11-13,41338
2017-11-14,41092
2017-11-15,40803.5
2017-11-16,40738
2017-11-17,40828.5
2017-11-20,40580.5
2017-11-21,40433
2017-11-22,40570.5
2017-11-23,40429
2017-11-24,40257
2017-11-27,40140
2017-11-28,39833
2017-11-29,39653.5
2017-11-30,39841.5
2017-12-04,40030
2017-12-05,39997.5
2017-12-06,39926
2017-12-07,39346
2017-12-08,38932.5
2017-12-11,38781
2017-12-12,38503.5
2017-12-13,38672.5
2017-12-14,38522
2017-12-15,38435
2017-12-18,38515
2017-12-19,38151.5
2017-12-20,38063.5
2017-12-21,38462
2017-12-22,39093.5
2017-12-26,39498.5
2017-12-27,39836.5
2017-12-28,40259
2017-12-29,40421.5
2018-01-01,40591.5
2018-01-02,41099
2018-01-03,41515.5
2018-01-04,41726.5
2018-01-05,42216.5
2018-01-08,42818
2018-01-09,42963
2018-01-10,43222.5
2018-01-11,43513
2018-01-12,43164.5
2018-01-15,42641
2018-01-16,42644
2018-01-17,43149.5
2018-01-18,43470
2018-01-19,43880
2018-01-22,44538.5
2018-01-23,44902.5
2018-01-24,44985
2018-01-25,44940
2018-01-26,44684
2018-01-29,44504
2018-01-30,44345
2018-01-31,44141
2018-02-01,44152.5
2018-02-02,44278.5
2018-02-06,44093.5
2018-02-07,43991.5
2018-02-08,43888.5
2018-02-09,43744.5
2018-02-12,43662
2018-02-13,43602.5
2018-02-14,43521.5
2018-02-15,43147.5
2018-02-16,43284.5
2018-02-19,43600
2018-02-20,43434
2018-02-21,43107.5
2018-02-22,43224.5
2018-02-23,43398
2018-02-26,43089
2018-02-27,42953
2018-02-28,43117
2018-03-01,43374.5
2018-03-02,43625.5
2018-03-05,43785
2018-03-06,43767
2018-03-07,43573
2018-03-08,43257
2018-03-09,43042
2018-03-12,43211
2018-03-13,43514.5
2018-03-14,43513
2018-03-15,43451.5
2018-03-16,43429
2018-03-19,43451.5
2018-03-20,43925
2018-03-21,44478
2018-03-22,44838
2018-03-26,45057
2018-03-27,45044
2018-03-28,45088.5
2018-03-29,45331.5
2018-03-30,45525
2018-04-02,45650.5
2018-04-03,45877
2018-04-04,46058.5
2018-04-05,46332.5
2018-04-06,46599.5
2018-04-09,46609.5
2018-04-10,46529
2018-04-11,46482
2018-04-12,46409.5
2018-04-13,46202
2018-04-16,45877
2018-04-17,45742
2018-04-18,45640.5
2018-04-19,45433.5
2018-04-20,45323.5
2018-04-23,45315.5
2018-04-24,45624.5
2018-04-25,45797.5
2018-04-26,45589.5
2018-04-27,45502
2018-04-30,45516
2018-05-02,45342.5
2018-05-03,44971.5
2018-05-04,44642
2018-05-07,44458
2018-05-08,44223
2018-05-09,43931
2018-05-10,43825.5
2018-05-11,43725.5
2018-05-14,43047
2018-05-15,42479.5
2018-05-16,42380.5
2018-05-17,42085.5
2018-05-18,41747
2018-05-21,41636.5
2018-05-22,42197
2018-05-23,42758.5
2018-05-24,42654
2018-05-25,42305
2018-05-28,42106.5
2018-05-29,42381
2018-05-30,42585
2018-05-31,42697
2018-06-01,42880
2018-06-04,43090.5
2018-06-05,43485.5
2018-06-06,43923.5
2018-06-07,44046
2018-06-11,43939.5
2018-06-12,43580
2018-06-13,43368.5
2018-06-14,43594.5
2018-06-19,43682
2018-06-20,43343
2018-06-21,42681
2018-06-22,41998
2018-06-25,41307.5
2018-06-26,41112
2018-06-27,41482
2018-06-28,41858
2018-06-29,41954.5
2018-07-02,41822.5
2018-07-03,41649
2018-07-04,40955
2018-07-05,40292.5
2018-07-06,40261.5
2018-07-09,39786.5
2018-07-10,39371
2018-07-11,39520
2018-07-12,39731
2018-07-13,40073
2018-07-16,39968.5
2018-07-17,39799.5
2018-07-18,40415.5
2018-07-19,41347
2018-07-20,41509
2018-07-23,40843
2018-07-24,40901.5
2018-07-26,41714
2018-07-27,42437.5
2018-07-30,43171.5
2018-07-31,43134.5
2018-08-01,42761
2018-08-02,42570
2018-08-03,42417.5
2018-08-06,42657
2018-08-07,42784.5
2018-08-08,42746
2018-08-09,42828
2018-08-10,42883
2018-08-13,42740
2018-08-15,42542.5
2018-08-16,42204
2018-08-17,42204
2018-08-20,42436
2018-08-24,42506.5
2018-08-27,42667
2018-08-28,42645.5
2018-08-29,42397
2018-08-30,42056.5
2018-08-31,41803
2018-09-03,41662
2018-09-04,41668
2018-09-05,41687.5
2018-09-06,41443.5
2018-09-07,41060.5
2018-09-10,40769.5
2018-09-11,40722
2018-09-12,40641
2018-09-13,40786
2018-09-14,40985
2018-09-17,40720.5
2018-09-18,40879.5
2018-09-19,41279
2018-09-24,41162.5
2018-09-25,41020.5
2018-09-26,40973
2018-09-27,40881
2018-09-28,40925.5
2018-10-01,40964
2018-10-02,40864.5
2018-10-03,40680
2018-10-04,40323.5
2018-10-05,39656.5
2018-10-08,38562
2018-10-09,38201.5
2018-10-10,38648.5
2018-10-11,38595
2018-10-12,37958
2018-10-15,37143
2018-10-16,36715.5
2018-10-17,37155
2018-10-18,37814.5
2018-10-19,38206
2018-10-22,38387.5
2018-10-23,38030
2018-10-24,38493
2018-10-25,39451.5
2018-10-26,40094
2018-10-29,41005
2018-10-30,41531.5
2018-10-31,41629
2018-11-01,41682.5
2018-11-02,41860
2018-11-05,41749
2018-11-06,41226.5
2018-11-07,41251.5
2018-11-08,41455.5
2018-11-09,41378
2018-11-12,41242.5
2018-11-13,41124
2018-11-14,41073
2018-11-15,41211.5
2018-11-16,41545
2018-11-19,41507
2018-11-20,41386
2018-11-22,41146.5
2018-11-23,40871.5
2018-11-26,40820.5
2018-11-27,40833
2018-11-28,40799.5
2018-11-29,40672
2018-11-30,40567.5
2018-12-03,39828.5
2018-12-04,39382
2018-12-05,39453
2018-12-06,38802
2018-12-07,38431.5
2018-12-10,38931
2018-12-11,39076
2018-12-12,38579.5
2018-12-13,38159.5
2018-12-14,38299
2018-12-17,38447.5
2018-12-18,38212.5
2018-12-19,38089.5
2018-12-20,38150
2018-12-21,38244
2018-12-24,38280
2018-12-26,38263.5
2018-12-27,38036
2018-12-28,37510.5
2018-12-31,37117
2019-01-01,37531.5
2019-01-02,37895.5
2019-01-03,37668.5
2019-01-04,37545
2019-01-07,38055
2019-01-08,38807.5
2019-01-09,38987.5
2019-01-10,39006
2019-01-11,39069.5
2019-01-14,39231
2019-01-15,39513.5
2019-01-16,39443
2019-01-17,39258
2019-01-18,39275.5
2019-01-21,39425.5
2019-01-22,39723
2019-01-23,39980
2019-01-24,40173.5
2019-01-25,40277
2019-01-28,40342.5
2019-01-29,40522
2019-01-30,40615.5
2019-01-31,40703.5
2019-02-01,40956.5
2019-02-04,41363.5
2019-02-06,41560
2019-02-07,41419.5
2019-02-08,41110
2019-02-11,40607
2019-02-12,40461.5
2019-02-13,40570
2019-02-14,40525.5
2019-02-15,40497
2019-02-18,40353.5
2019-02-19,40088.5
2019-02-20,40118
2019-02-21,40175
2019-02-22,40043.5
2019-02-25,39811.5
2019-02-26,39214.5
2019-02-27,38757.5
2019-02-28,38874
2019-03-01,39297
2019-03-04,39644.5
2019-03-05,39719.5
2019-03-06,39628.5
2019-03-07,39431
2019-03-08,39122
2019-03-11,38937
2019-03-12,38910.5
2019-03-13,38913
2019-03-14,38869
2019-03-15,38558
2019-03-18,38579.5
2019-03-19,38732
2019-03-20,38580
2019-03-21,38466.5
2019-03-22,38458.5
2019-03-25,38330.5
2019-03-26,38229
2019-03-27,38647
2019-03-28,38759
2019-03-29,38601
2019-04-01,38502
2019-04-02,38195.5
2019-04-03,38029.5
2019-04-04,37769.5
2019-04-05,37519
2019-04-08,37222
2019-04-09,37026
2019-04-10,36854.5
2019-04-11,36683.5
2019-04-12,37063
2019-04-15,37421
2019-04-16,37443
2019-04-17,37067.5
2019-04-18,36782.5
2019-04-19,37052.5
2019-04-22,37097.5
2019-04-23,36653
2019-04-24,36454
2019-04-25,36650
2019-04-26,36963.5
2019-04-29,37078.5
2019-04-30,36905
2019-05-02,36666
2019-05-03,36335.5
2019-05-06,35864
2019-05-07,35618
2019-05-08,35333
2019-05-09,34961.5
2019-05-10,34802.5
2019-05-13,34308.5
2019-05-14,33892.5
2019-05-15,34088.5
2019-05-16,34131.5
2019-05-17,33569
2019-05-20,33209
2019-05-21,33346.5
2019-05-22,34039.5
2019-05-23,35109
2019-05-24,35642.5
2019-05-27,35700.5
2019-05-28,35323
2019-05-29,35454
2019-05-30,35967
2019-06-03,35740
2019-06-10,35036.5
2019-06-11,34614
2019-06-12,34799
2019-06-13,35170.5
2019-06-14,35488
2019-06-17,35371
2019-06-18,34925.5
2019-06-19,34669
2019-06-20,34826
2019-06-21,35060.5
2019-06-24,34798.5
2019-06-25,34331.5
2019-06-26,34140
2019-06-27,33931.5
2019-06-28,33838
2019-07-01,33949
2019-07-02,34151.5
2019-07-03,34602
2019-07-04,34734
2019-07-05,34380.5
2019-07-08,33966.5
2019-07-09,33799.5
2019-07-10,33848
2019-07-11,33857.5
2019-07-12,33774
2019-07-15,33315.5
2019-07-16,32965
2019-07-17,32977
2019-07-18,32646
2019-07-19,32384.5
2019-07-22,32522
2019-07-23,32650.5
2019-07-24,32558.5
2019-07-25,32423.5
2019-07-26,32274.5
2019-07-29,31918.5
2019-07-30,31696
2019-07-31,31798.5
2019-08-01,31889
2019-08-02,31752.5
2019-08-05,31423.5
2019-08-06,31091
2019-08-07,30639
2019-08-08,30007.5
2019-08-09,29583.5
2019-08-16,29097
2019-08-19,29163.5
2019-08-20,29990.5
2019-08-21,30696
2019-08-22,31428.5
2019-08-23,31617
2019-08-26,30935.5
2019-08-27,30553
2019-08-28,30611.5
2019-08-29,30398.5
2019-08-30,29915.5
2019-09-02,29864.5
2019-09-03,29933.5
2019-09-04,30027.5
2019-09-05,30230
2019-09-06,30341
2019-09-11,30711
2019-09-12,31251
2019-09-13,31514
2019-09-16,31705
2019-09-17,31919
2019-09-18,31732.5
2019-09-19,31870
2019-09-20,32147.5
2019-09-23,31931
2019-09-24,31790
2019-09-25,31697
2019-09-26,31499.5
2019-09-27,31752.5
2019-09-30,32075
2019-10-01,32166.5
2019-10-02,32308.5
2019-10-03,32557.5
2019-10-04,32892.5
2019-10-07,33335
2019-10-08,33557
2019-10-09,33500.5
2019-10-10,33776
2019-10-11,34252
2019-10-14,34331
2019-10-15,34135
2019-10-16,34182.5
2019-10-17,34090
2019-10-18,33884.5
2019-10-21,33477.5
2019-10-22,33142
2019-10-23,33319.5
2019-10-24,33601.5
2019-10-25,33710.5
2019-10-28,33760
2019-10-29,33830
2019-10-30,33779.5
2019-10-31,33982.5
2019-11-01,34291
2019-11-04,34828
2019-11-05,35318
2019-11-06,35505.5
2019-11-07,35706
2019-11-08,35868.5
2019-11-11,36390.5
2019-11-12,36784.5
2019-11-13,36966.5
2019-11-14,37205
2019-11-15,37413.5
2019-11-18,37998
2019-11-19,38488
2019-11-20,38301
2019-11-21,37569.5
2019-11-22,37513.5
2019-11-25,38069
2019-11-26,38003.5
2019-11-27,37959
2019-11-28,38414.5
2019-11-29,38997
2019-12-02,39706
2019-12-03,39956.5
2019-12-04,40030
2019-12-05,40456
2019-12-06,40686.5
2019-12-09,40587.5
2019-12-10,40554
2019-12-11,40598
2019-12-12,40522.5
2019-12-13,40715.5
2019-12-16,41281
2019-12-17,41707
2019-12-18,41686.5
2019-12-19,41129.5
2019-12-20,40744
2019-12-23,40420.5
2019-12-24,40168
2019-12-26,40728
2019-12-27,40988.5
2019-12-30,40868.5
2019-12-31,40811.5
